SlNo,Station,Agency,State LGD Code,State,District LGD Code,District,Tehsil,Block,Village,River,Basin,Tributary,Subtributary,SubSubtributary,Local River,Latitude,Longitude,Data Acquisition Time,Manual Daily Reservoir water level (m)
1,Bargi Reservoir,CWC,23,Madhya Pradesh,411,JABALPUR,JABALPUR,JABALPUR,Bargi,Narmada,Narmada,Narmada,Narmada,Narmada,Narmada,22.93777778,79.92083333,01-06-2021 00:00,415.200012
2,Bargi Reservoir,CWC,23,Madhya Pradesh,411,JABALPUR,JABALPUR,JABALPUR,Bargi,Narmada,Narmada,Narmada,Narmada,Narmada,Narmada,22.93777778,79.92083333,01-06-2021 01:00,415.200012
3,Bargi Reservoir,CWC,23,Madhya Pradesh,411,JABALPUR,JABALPUR,JABALPUR,Bargi,Narmada,Narmada,Narmada,Narmada,Narmada,Narmada,22.93777778,79.92083333,01-06-2021 02:00,415.200012
4,Bargi Reservoir,CWC,23,Madhya Pradesh,411,JABALPUR,JABALPUR,JABALPUR,Bargi,Narmada,Narmada,Narmada,Narmada,Narmada,Narmada,22.93777778,79.92083333,01-06-2021 03:00,415.200012
5,Bargi Reservoir,CWC,23,Madhya Pradesh,411,JABALPUR,JABALPUR,JABALPUR,Bargi,Narmada,Narmada,Narmada,Narmada,Narmada,Narmada,22.93777778,79.92083333,01-06-2021 04:00,415.200012
6,Bargi Reservoir,CWC,23,Madhya Pradesh,411,JABALPUR,JABALPUR,JABALPUR,Bargi,Narmada,Narmada,Narmada,Narmada,Narmada,Narmada,22.93777778,79.92083333,01-06-2021 05:00,415.200012
7,Bargi Reservoir,CWC,23,Madhya Pradesh,411,JABALPUR,JABALPUR,JABALPUR,Bargi,Narmada,Narmada,Narmada,Narmada,Narmada,Narmada,22.93777778,79.92083333,01-06-2021 06:00,415.200012
8,Bargi Reservoir,CWC,23,Madhya Pradesh,411,JABALPUR,JABALPUR,JABALPUR,Bargi,Narmada,Narmada,Narmada,Narmada,Narmada,Narmada,22.93777778,79.92083333,01-06-2021 07:00,415.200012
9,Bargi Reservoir,CWC,23,Madhya Pradesh,411,JABALPUR,JABALPUR,JABALPUR,Bargi,Narmada,Narmada,Narmada,Narmada,Narmada,Narmada,22.93777778,79.92083333,01-06-2021 08:00,415.149994
10,Bargi Reservoir,CWC,23,Madhya Pradesh,411,JABALPUR,JABALPUR,JABALPUR,Bargi,Narmada,Narmada,Narmada,Narmada,Narmada,Narmada,22.93777778,79.92083333,01-06-2021 09:00,415.149994
11,Bargi Reservoir,CWC,23,Madhya Pradesh,411,JABALPUR,JABALPUR,JABALPUR,Bargi,Narmada,Narmada,Narmada,Narmada,Narmada,Narmada,22.93777778,79.92083333,01-06-2021 10:00,415.149994
12,Bargi Reservoir,CWC,23,Madhya Pradesh,411,JABALPUR,JABALPUR,JABALPUR,Bargi,Narmada,Narmada,Narmada,Narmada,Narmada,Narmada,22.93777778,79.92083333,01-06-2021 11:00,415.149994
13,Bargi Reservoir,CWC,23,Madhya Pradesh,411,JABALPUR,JABALPUR,JABALPUR,Bargi,Narmada,Narmada,Narmada,Narmada,Narmada,Narmada,22.93777778,79.92083333,01-06-2021 12:00,415.149994
14,Bargi Reservoir,CWC,23,Madhya Pradesh,411,JABALPUR,JABALPUR,JABALPUR,Bargi,Narmada,Narmada,Narmada,Narmada,Narmada,Narmada,22.93777778,79.92083333,01-06-2021 13:00,415.149994
15,Bargi Reservoir,CWC,23,Madhya Pradesh,411,JABALPUR,JABALPUR,JABALPUR,Bargi,Narmada,Narmada,Narmada,Narmada,Narmada,Narmada,22.93777778,79.92083333,01-06-2021 14:00,415.149994
16,Bargi Reservoir,CWC,23,Madhya Pradesh,411,JABALPUR,JABALPUR,JABALPUR,Bargi,Narmada,Narmada,Narmada,Narmada,Narmada,Narmada,22.93777778,79.92083333,01-06-2021 15:00,415.149994
17,Bargi Reservoir,CWC,23,Madhya Pradesh,411,JABALPUR,JABALPUR,JABALPUR,Bargi,Narmada,Narmada,Narmada,Narmada,Narmada,Narmada,22.93777778,79.92083333,01-06-2021 16:00,415.149994
18,Bargi Reservoir,CWC,23,Madhya Pradesh,411,JABALPUR,JABALPUR,JABALPUR,Bargi,Narmada,Narmada,Narmada,Narmada,Narmada,Narmada,22.93777778,79.92083333,01-06-2021 17:00,415.149994
19,Bargi Reservoir,CWC,23,Madhya Pradesh,411,JABALPUR,JABALPUR,JABALPUR,Bargi,Narmada,Narmada,Narmada,Narmada,Narmada,Narmada,22.93777778,79.92083333,01-06-2021 18:00,415.149994
20,Bargi Reservoir,CWC,23,Madhya Pradesh,411,JABALPUR,JABALPUR,JABALPUR,Bargi,Narmada,Narmada,Narmada,Narmada,Narmada,Narmada,22.93777778,79.92083333,01-06-2021 19:00,415.149994
21,Bargi Reservoir,CWC,23,Madhya Pradesh,411,JABALPUR,JABALPUR,JABALPUR,Bargi,Narmada,Narmada,Narmada,Narmada,Narmada,Narmada,22.93777778,79.92083333,01-06-2021 20:00,415.149994
22,Bargi Reservoir,CWC,23,Madhya Pradesh,411,JABALPUR,JABALPUR,JABALPUR,Bargi,Narmada,Narmada,Narmada,Narmada,Narmada,Narmada,22.93777778,79.92083333,01-06-2021 21:00,415.149994
23,Bargi Reservoir,CWC,23,Madhya Pradesh,411,JABALPUR,JABALPUR,JABALPUR,Bargi,Narmada,Narmada,Narmada,Narmada,Narmada,Narmada,22.93777778,79.92083333,01-06-2021 22:00,415.149994
24,Bargi Reservoir,CWC,23,Madhya Pradesh,411,JABALPUR,JABALPUR,JABALPUR,Bargi,Narmada,Narmada,Narmada,Narmada,Narmada,Narmada,22.93777778,79.92083333,01-06-2021 23:00,415.149994
25,Bargi Reservoir,CWC,23,Madhya Pradesh,411,JABALPUR,JABALPUR,JABALPUR,Bargi,Narmada,Narmada,Narmada,Narmada,Narmada,Narmada,22.93777778,79.92083333,02-06-2021 00:00,415.149994
26,Bargi Reservoir,CWC,23,Madhya Pradesh,411,JABALPUR,JABALPUR,JABALPUR,Bargi,Narmada,Narmada,Narmada,Narmada,Narmada,Narmada,22.93777778,79.92083333,02-06-2021 01:00,415.149994
27,Bargi Reservoir,CWC,23,Madhya Pradesh,411,JABALPUR,JABALPUR,JABALPUR,Bargi,Narmada,Narmada,Narmada,Narmada,Narmada,Narmada,22.93777778,79.92083333,02-06-2021 02:00,415.149994
28,Bargi Reservoir,CWC,23,Madhya Pradesh,411,JABALPUR,JABALPUR,JABALPUR,Bargi,Narmada,Narmada,Narmada,Narmada,Narmada,Narmada,22.93777778,79.92083333,02-06-2021 03:00,415.149994
29,Bargi Reservoir,CWC,23,Madhya Pradesh,411,JABALPUR,JABALPUR,JABALPUR,Bargi,Narmada,Narmada,Narmada,Narmada,Narmada,Narmada,22.93777778,79.92083333,02-06-2021 04:00,415.149994
30,Bargi Reservoir,CWC,23,Madhya Pradesh,411,JABALPUR,JABALPUR,JABALPUR,Bargi,Narmada,Narmada,Narmada,Narmada,Narmada,Narmada,22.93777778,79.92083333,02-06-2021 05:00,415.149994
31,Bargi Reservoir,CWC,23,Madhya Pradesh,411,JABALPUR,JABALPUR,JABALPUR,Bargi,Narmada,Narmada,Narmada,Narmada,Narmada,Narmada,22.93777778,79.92083333,02-06-2021 06:00,415.100006
32,Bargi Reservoir,CWC,23,Madhya Pradesh,411,JABALPUR,JABALPUR,JABALPUR,Bargi,Narmada,Narmada,Narmada,Narmada,Narmada,Narmada,22.93777778,79.92083333,02-06-2021 07:00,415.100006
33,Bargi Reservoir,CWC,23,Madhya Pradesh,411,JABALPUR,JABALPUR,JABALPUR,Bargi,Narmada,Narmada,Narmada,Narmada,Narmada,Narmada,22.93777778,79.92083333,02-06-2021 08:00,415.100006
34,Bargi Reservoir,CWC,23,Madhya Pradesh,411,JABALPUR,JABALPUR,JABALPUR,Bargi,Narmada,Narmada,Narmada,Narmada,Narmada,Narmada,22.93777778,79.92083333,02-06-2021 09:00,415.100006
35,Bargi Reservoir,CWC,23,Madhya Pradesh,411,JABALPUR,JABALPUR,JABALPUR,Bargi,Narmada,Narmada,Narmada,Narmada,Narmada,Narmada,22.93777778,79.92083333,02-06-2021 10:00,415.100006
36,Bargi Reservoir,CWC,23,Madhya Pradesh,411,JABALPUR,JABALPUR,JABALPUR,Bargi,Narmada,Narmada,Narmada,Narmada,Narmada,Narmada,22.93777778,79.92083333,02-06-2021 11:00,415.100006
37,Bargi Reservoir,CWC,23,Madhya Pradesh,411,JABALPUR,JABALPUR,JABALPUR,Bargi,Narmada,Narmada,Narmada,Narmada,Narmada,Narmada,22.93777778,79.92083333,02-06-2021 12:00,415.100006
38,Bargi Reservoir,CWC,23,Madhya Pradesh,411,JABALPUR,JABALPUR,JABALPUR,Bargi,Narmada,Narmada,Narmada,Narmada,Narmada,Narmada,22.93777778,79.92083333,02-06-2021 13:00,415.100006
39,Bargi Reservoir,CWC,23,Madhya Pradesh,411,JABALPUR,JABALPUR,JABALPUR,Bargi,Narmada,Narmada,Narmada,Narmada,Narmada,Narmada,22.93777778,79.92083333,02-06-2021 14:00,415.100006
40,Bargi Reservoir,CWC,23,Madhya Pradesh,411,JABALPUR,JABALPUR,JABALPUR,Bargi,Narmada,Narmada,Narmada,Narmada,Narmada,Narmada,22.93777778,79.92083333,02-06-2021 15:00,415.100006
41,Bargi Reservoir,CWC,23,Madhya Pradesh,411,JABALPUR,JABALPUR,JABALPUR,Bargi,Narmada,Narmada,Narmada,Narmada,Narmada,Narmada,22.93777778,79.92083333,02-06-2021 16:00,415.100006
42,Bargi Reservoir,CWC,23,Madhya Pradesh,411,JABALPUR,JABALPUR,JABALPUR,Bargi,Narmada,Narmada,Narmada,Narmada,Narmada,Narmada,22.93777778,79.92083333,02-06-2021 17:00,415.100006
43,Bargi Reservoir,CWC,23,Madhya Pradesh,411,JABALPUR,JABALPUR,JABALPUR,Bargi,Narmada,Narmada,Narmada,Narmada,Narmada,Narmada,22.93777778,79.92083333,02-06-2021 18:00,415.100006
44,Bargi Reservoir,CWC,23,Madhya Pradesh,411,JABALPUR,JABALPUR,JABALPUR,Bargi,Narmada,Narmada,Narmada,Narmada,Narmada,Narmada,22.93777778,79.92083333,02-06-2021 19:00,415.100006
45,Bargi Reservoir,CWC,23,Madhya Pradesh,411,JABALPUR,JABALPUR,JABALPUR,Bargi,Narmada,Narmada,Narmada,Narmada,Narmada,Narmada,22.93777778,79.92083333,02-06-2021 20:00,415.100006
46,Bargi Reservoir,CWC,23,Madhya Pradesh,411,JABALPUR,JABALPUR,JABALPUR,Bargi,Narmada,Narmada,Narmada,Narmada,Narmada,Narmada,22.93777778,79.92083333,02-06-2021 21:00,415.100006
47,Bargi Reservoir,CWC,23,Madhya Pradesh,411,JABALPUR,JABALPUR,JABALPUR,Bargi,Narmada,Narmada,Narmada,Narmada,Narmada,Narmada,22.93777778,79.92083333,02-06-2021 22:00,415.100006
48,Bargi Reservoir,CWC,23,Madhya Pradesh,411,JABALPUR,JABALPUR,JABALPUR,Bargi,Narmada,Narmada,Narmada,Narmada,Narmada,Narmada,22.93777778,79.92083333,02-06-2021 23:00,415.100006
49,Bargi Reservoir,CWC,23,Madhya Pradesh,411,JABALPUR,JABALPUR,JABALPUR,Bargi,Narmada,Narmada,Narmada,Narmada,Narmada,Narmada,22.93777778,79.92083333,03-06-2021 00:00,415.100006
50,Bargi Reservoir,CWC,23,Madhya Pradesh,411,JABALPUR,JABALPUR,JABALPUR,Bargi,Narmada,Narmada,Narmada,Narmada,Narmada,Narmada,22.93777778,79.92083333,03-06-2021 01:00,415.100006
51,Bargi Reservoir,CWC,23,Madhya Pradesh,411,JABALPUR,JABALPUR,JABALPUR,Bargi,Narmada,Narmada,Narmada,Narmada,Narmada,Narmada,22.93777778,79.92083333,03-06-2021 02:00,415.100006
52,Bargi Reservoir,CWC,23,Madhya Pradesh,411,JABALPUR,JABALPUR,JABALPUR,Bargi,Narmada,Narmada,Narmada,Narmada,Narmada,Narmada,22.93777778,79.92083333,03-06-2021 03:00,415.100006
53,Bargi Reservoir,CWC,23,Madhya Pradesh,411,JABALPUR,JABALPUR,JABALPUR,Bargi,Narmada,Narmada,Narmada,Narmada,Narmada,Narmada,22.93777778,79.92083333,03-06-2021 04:00,415.100006
54,Bargi Reservoir,CWC,23,Madhya Pradesh,411,JABALPUR,JABALPUR,JABALPUR,Bargi,Narmada,Narmada,Narmada,Narmada,Narmada,Narmada,22.93777778,79.92083333,03-06-2021 05:00,415.100006
55,Bargi Reservoir,CWC,23,Madhya Pradesh,411,JABALPUR,JABALPUR,JABALPUR,Bargi,Narmada,Narmada,Narmada,Narmada,Narmada,Narmada,22.93777778,79.92083333,03-06-2021 06:00,415.100006
56,Bargi Reservoir,CWC,23,Madhya Pradesh,411,JABALPUR,JABALPUR,JABALPUR,Bargi,Narmada,Narmada,Narmada,Narmada,Narmada,Narmada,22.93777778,79.92083333,03-06-2021 07:00,415.100006
57,Bargi Reservoir,CWC,23,Madhya Pradesh,411,JABALPUR,JABALPUR,JABALPUR,Bargi,Narmada,Narmada,Narmada,Narmada,Narmada,Narmada,22.93777778,79.92083333,03-06-2021 08:00,415.049988
58,Bargi Reservoir,CWC,23,Madhya Pradesh,411,JABALPUR,JABALPUR,JABALPUR,Bargi,Narmada,Narmada,Narmada,Narmada,Narmada,Narmada,22.93777778,79.92083333,03-06-2021 09:00,415.049988
59,Bargi Reservoir,CWC,23,Madhya Pradesh,411,JABALPUR,JABALPUR,JABALPUR,Bargi,Narmada,Narmada,Narmada,Narmada,Narmada,Narmada,22.93777778,79.92083333,03-06-2021 10:00,415.049988
60,Bargi Reservoir,CWC,23,Madhya Pradesh,411,JABALPUR,JABALPUR,JABALPUR,Bargi,Narmada,Narmada,Narmada,Narmada,Narmada,Narmada,22.93777778,79.92083333,03-06-2021 11:00,415.049988
61,Bargi Reservoir,CWC,23,Madhya Pradesh,411,JABALPUR,JABALPUR,JABALPUR,Bargi,Narmada,Narmada,Narmada,Narmada,Narmada,Narmada,22.93777778,79.92083333,03-06-2021 12:00,415.049988
62,Bargi Reservoir,CWC,23,Madhya Pradesh,411,JABALPUR,JABALPUR,JABALPUR,Bargi,Narmada,Narmada,Narmada,Narmada,Narmada,Narmada,22.93777778,79.92083333,03-06-2021 13:00,415.049988
63,Bargi Reservoir,CWC,23,Madhya Pradesh,411,JABALPUR,JABALPUR,JABALPUR,Bargi,Narmada,Narmada,Narmada,Narmada,Narmada,Narmada,22.93777778,79.92083333,03-06-2021 14:00,415.049988
64,Bargi Reservoir,CWC,23,Madhya Pradesh,411,JABALPUR,JABALPUR,JABALPUR,Bargi,Narmada,Narmada,Narmada,Narmada,Narmada,Narmada,22.93777778,79.92083333,03-06-2021 15:00,415.049988
65,Bargi Reservoir,CWC,23,Madhya Pradesh,411,JABALPUR,JABALPUR,JABALPUR,Bargi,Narmada,Narmada,Narmada,Narmada,Narmada,Narmada,22.93777778,79.92083333,03-06-2021 16:00,415.049988
66,Bargi Reservoir,CWC,23,Madhya Pradesh,411,JABALPUR,JABALPUR,JABALPUR,Bargi,Narmada,Narmada,Narmada,Narmada,Narmada,Narmada,22.93777778,79.92083333,03-06-2021 17:00,415.049988
67,Bargi Reservoir,CWC,23,Madhya Pradesh,411,JABALPUR,JABALPUR,JABALPUR,Bargi,Narmada,Narmada,Narmada,Narmada,Narmada,Narmada,22.93777778,79.92083333,03-06-2021 18:00,415.049988
68,Bargi Reservoir,CWC,23,Madhya Pradesh,411,JABALPUR,JABALPUR,JABALPUR,Bargi,Narmada,Narmada,Narmada,Narmada,Narmada,Narmada,22.93777778,79.92083333,03-06-2021 19:00,415.049988
69,Bargi Reservoir,CWC,23,Madhya Pradesh,411,JABALPUR,JABALPUR,JABALPUR,Bargi,Narmada,Narmada,Narmada,Narmada,Narmada,Narmada,22.93777778,79.92083333,03-06-2021 20:00,415.049988
70,Bargi Reservoir,CWC,23,Madhya Pradesh,411,JABALPUR,JABALPUR,JABALPUR,Bargi,Narmada,Narmada,Narmada,Narmada,Narmada,Narmada,22.93777778,79.92083333,03-06-2021 21:00,415.049988
71,Bargi Reservoir,CWC,23,Madhya Pradesh,411,JABALPUR,JABALPUR,JABALPUR,Bargi,Narmada,Narmada,Narmada,Narmada,Narmada,Narmada,22.93777778,79.92083333,03-06-2021 22:00,415.049988
72,Bargi Reservoir,CWC,23,Madhya Pradesh,411,JABALPUR,JABALPUR,JABALPUR,Bargi,Narmada,Narmada,Narmada,Narmada,Narmada,Narmada,22.93777778,79.92083333,03-06-2021 23:00,415.049988
73,Bargi Reservoir,CWC,23,Madhya Pradesh,411,JABALPUR,JABALPUR,JABALPUR,Bargi,Narmada,Narmada,Narmada,Narmada,Narmada,Narmada,22.93777778,79.92083333,04-06-2021 00:00,415.049988
74,Bargi Reservoir,CWC,23,Madhya Pradesh,411,JABALPUR,JABALPUR,JABALPUR,Bargi,Narmada,Narmada,Narmada,Narmada,Narmada,Narmada,22.93777778,79.92083333,04-06-2021 01:00,415.049988
75,Bargi Reservoir,CWC,23,Madhya Pradesh,411,JABALPUR,JABALPUR,JABALPUR,Bargi,Narmada,Narmada,Narmada,Narmada,Narmada,Narmada,22.93777778,79.92083333,04-06-2021 02:00,415.049988
76,Bargi Reservoir,CWC,23,Madhya Pradesh,411,JABALPUR,JABALPUR,JABALPUR,Bargi,Narmada,Narmada,Narmada,Narmada,Narmada,Narmada,22.93777778,79.92083333,04-06-2021 03:00,415.049988
77,Bargi Reservoir,CWC,23,Madhya Pradesh,411,JABALPUR,JABALPUR,JABALPUR,Bargi,Narmada,Narmada,Narmada,Narmada,Narmada,Narmada,22.93777778,79.92083333,04-06-2021 04:00,415.049988
78,Bargi Reservoir,CWC,23,Madhya Pradesh,411,JABALPUR,JABALPUR,JABALPUR,Bargi,Narmada,Narmada,Narmada,Narmada,Narmada,Narmada,22.93777778,79.92083333,04-06-2021 05:00,415.049988
79,Bargi Reservoir,CWC,23,Madhya Pradesh,411,JABALPUR,JABALPUR,JABALPUR,Bargi,Narmada,Narmada,Narmada,Narmada,Narmada,Narmada,22.93777778,79.92083333,04-06-2021 06:00,415.049988
80,Bargi Reservoir,CWC,23,Madhya Pradesh,411,JABALPUR,JABALPUR,JABALPUR,Bargi,Narmada,Narmada,Narmada,Narmada,Narmada,Narmada,22.93777778,79.92083333,04-06-2021 07:00,415.000000
81,Bargi Reservoir,CWC,23,Madhya Pradesh,411,JABALPUR,JABALPUR,JABALPUR,Bargi,Narmada,Narmada,Narmada,Narmada,Narmada,Narmada,22.93777778,79.92083333,04-06-2021 08:00,415.000000
82,Bargi Reservoir,CWC,23,Madhya Pradesh,411,JABALPUR,JABALPUR,JABALPUR,Bargi,Narmada,Narmada,Narmada,Narmada,Narmada,Narmada,22.93777778,79.92083333,04-06-2021 09:00,415.000000
83,Bargi Reservoir,CWC,23,Madhya Pradesh,411,JABALPUR,JABALPUR,JABALPUR,Bargi,Narmada,Narmada,Narmada,Narmada,Narmada,Narmada,22.93777778,79.92083333,04-06-2021 10:00,415.000000
84,Bargi Reservoir,CWC,23,Madhya Pradesh,411,JABALPUR,JABALPUR,JABALPUR,Bargi,Narmada,Narmada,Narmada,Narmada,Narmada,Narmada,22.93777778,79.92083333,04-06-2021 11:00,415.000000
85,Bargi Reservoir,CWC,23,Madhya Pradesh,411,JABALPUR,JABALPUR,JABALPUR,Bargi,Narmada,Narmada,Narmada,Narmada,Narmada,Narmada,22.93777778,79.92083333,04-06-2021 12:00,415.000000
86,Bargi Reservoir,CWC,23,Madhya Pradesh,411,JABALPUR,JABALPUR,JABALPUR,Bargi,Narmada,Narmada,Narmada,Narmada,Narmada,Narmada,22.93777778,79.92083333,04-06-2021 13:00,415.000000
87,Bargi Reservoir,CWC,23,Madhya Pradesh,411,JABALPUR,JABALPUR,JABALPUR,Bargi,Narmada,Narmada,Narmada,Narmada,Narmada,Narmada,22.93777778,79.92083333,04-06-2021 14:00,415.000000
88,Bargi Reservoir,CWC,23,Madhya Pradesh,411,JABALPUR,JABALPUR,JABALPUR,Bargi,Narmada,Narmada,Narmada,Narmada,Narmada,Narmada,22.93777778,79.92083333,04-06-2021 15:00,415.000000
89,Bargi Reservoir,CWC,23,Madhya Pradesh,411,JABALPUR,JABALPUR,JABALPUR,Bargi,Narmada,Narmada,Narmada,Narmada,Narmada,Narmada,22.93777778,79.92083333,04-06-2021 16:00,415.000000
90,Bargi Reservoir,CWC,23,Madhya Pradesh,411,JABALPUR,JABALPUR,JABALPUR,Bargi,Narmada,Narmada,Narmada,Narmada,Narmada,Narmada,22.93777778,79.92083333,04-06-2021 17:00,415.000000
91,Bargi Reservoir,CWC,23,Madhya Pradesh,411,JABALPUR,JABALPUR,JABALPUR,Bargi,Narmada,Narmada,Narmada,Narmada,Narmada,Narmada,22.93777778,79.92083333,04-06-2021 18:00,415.000000
92,Bargi Reservoir,CWC,23,Madhya Pradesh,411,JABALPUR,JABALPUR,JABALPUR,Bargi,Narmada,Narmada,Narmada,Narmada,Narmada,Narmada,22.93777778,79.92083333,04-06-2021 19:00,415.000000
93,Bargi Reservoir,CWC,23,Madhya Pradesh,411,JABALPUR,JABALPUR,JABALPUR,Bargi,Narmada,Narmada,Narmada,Narmada,Narmada,Narmada,22.93777778,79.92083333,04-06-2021 20:00,415.000000
94,Bargi Reservoir,CWC,23,Madhya Pradesh,411,JABALPUR,JABALPUR,JABALPUR,Bargi,Narmada,Narmada,Narmada,Narmada,Narmada,Narmada,22.93777778,79.92083333,04-06-2021 21:00,414.950012
95,Bargi Reservoir,CWC,23,Madhya Pradesh,411,JABALPUR,JABALPUR,JABALPUR,Bargi,Narmada,Narmada,Narmada,Narmada,Narmada,Narmada,22.93777778,79.92083333,04-06-2021 22:00,414.950012
96,Bargi Reservoir,CWC,23,Madhya Pradesh,411,JABALPUR,JABALPUR,JABALPUR,Bargi,Narmada,Narmada,Narmada,Narmada,Narmada,Narmada,22.93777778,79.92083333,04-06-2021 23:00,414.950012
97,Bargi Reservoir,CWC,23,Madhya Pradesh,411,JABALPUR,JABALPUR,JABALPUR,Bargi,Narmada,Narmada,Narmada,Narmada,Narmada,Narmada,22.93777778,79.92083333,05-06-2021 00:00,414.950012
98,Bargi Reservoir,CWC,23,Madhya Pradesh,411,JABALPUR,JABALPUR,JABALPUR,Bargi,Narmada,Narmada,Narmada,Narmada,Narmada,Narmada,22.93777778,79.92083333,05-06-2021 01:00,414.950012
99,Bargi Reservoir,CWC,23,Madhya Pradesh,411,JABALPUR,JABALPUR,JABALPUR,Bargi,Narmada,Narmada,Narmada,Narmada,Narmada,Narmada,22.93777778,79.92083333,05-06-2021 02:00,414.950012
100,Bargi Reservoir,CWC,23,Madhya Pradesh,411,JABALPUR,JABALPUR,JABALPUR,Bargi,Narmada,Narmada,Narmada,Narmada,Narmada,Narmada,22.93777778,79.92083333,05-06-2021 03:00,414.950012
101,Bargi Reservoir,CWC,23,Madhya Pradesh,411,JABALPUR,JABALPUR,JABALPUR,Bargi,Narmada,Narmada,Narmada,Narmada,Narmada,Narmada,22.93777778,79.92083333,05-06-2021 04:00,414.950012
102,Bargi Reservoir,CWC,23,Madhya Pradesh,411,JABALPUR,JABALPUR,JABALPUR,Bargi,Narmada,Narmada,Narmada,Narmada,Narmada,Narmada,22.93777778,79.92083333,05-06-2021 05:00,414.950012
103,Bargi Reservoir,CWC,23,Madhya Pradesh,411,JABALPUR,JABALPUR,JABALPUR,Bargi,Narmada,Narmada,Narmada,Narmada,Narmada,Narmada,22.93777778,79.92083333,05-06-2021 06:00,414.950012
104,Bargi Reservoir,CWC,23,Madhya Pradesh,411,JABALPUR,JABALPUR,JABALPUR,Bargi,Narmada,Narmada,Narmada,Narmada,Narmada,Narmada,22.93777778,79.92083333,05-06-2021 07:00,414.950012
105,Bargi Reservoir,CWC,23,Madhya Pradesh,411,JABALPUR,JABALPUR,JABALPUR,Bargi,Narmada,Narmada,Narmada,Narmada,Narmada,Narmada,22.93777778,79.92083333,05-06-2021 08:00,414.899994
106,Bargi Reservoir,CWC,23,Madhya Pradesh,411,JABALPUR,JABALPUR,JABALPUR,Bargi,Narmada,Narmada,Narmada,Narmada,Narmada,Narmada,22.93777778,79.92083333,05-06-2021 09:00,414.899994
107,Bargi Reservoir,CWC,23,Madhya Pradesh,411,JABALPUR,JABALPUR,JABALPUR,Bargi,Narmada,Narmada,Narmada,Narmada,Narmada,Narmada,22.93777778,79.92083333,05-06-2021 10:00,414.899994
108,Bargi Reservoir,CWC,23,Madhya Pradesh,411,JABALPUR,JABALPUR,JABALPUR,Bargi,Narmada,Narmada,Narmada,Narmada,Narmada,Narmada,22.93777778,79.92083333,05-06-2021 11:00,414.899994
109,Bargi Reservoir,CWC,23,Madhya Pradesh,411,JABALPUR,JABALPUR,JABALPUR,Bargi,Narmada,Narmada,Narmada,Narmada,Narmada,Narmada,22.93777778,79.92083333,05-06-2021 12:00,414.899994
110,Bargi Reservoir,CWC,23,Madhya Pradesh,411,JABALPUR,JABALPUR,JABALPUR,Bargi,Narmada,Narmada,Narmada,Narmada,Narmada,Narmada,22.93777778,79.92083333,05-06-2021 13:00,414.899994
111,Bargi Reservoir,CWC,23,Madhya Pradesh,411,JABALPUR,JABALPUR,JABALPUR,Bargi,Narmada,Narmada,Narmada,Narmada,Narmada,Narmada,22.93777778,79.92083333,05-06-2021 14:00,414.899994
112,Bargi Reservoir,CWC,23,Madhya Pradesh,411,JABALPUR,JABALPUR,JABALPUR,Bargi,Narmada,Narmada,Narmada,Narmada,Narmada,Narmada,22.93777778,79.92083333,05-06-2021 15:00,414.899994
113,Bargi Reservoir,CWC,23,Madhya Pradesh,411,JABALPUR,JABALPUR,JABALPUR,Bargi,Narmada,Narmada,Narmada,Narmada,Narmada,Narmada,22.93777778,79.92083333,05-06-2021 16:00,414.899994
114,Bargi Reservoir,CWC,23,Madhya Pradesh,411,JABALPUR,JABALPUR,JABALPUR,Bargi,Narmada,Narmada,Narmada,Narmada,Narmada,Narmada,22.93777778,79.92083333,05-06-2021 17:00,414.899994
115,Bargi Reservoir,CWC,23,Madhya Pradesh,411,JABALPUR,JABALPUR,JABALPUR,Bargi,Narmada,Narmada,Narmada,Narmada,Narmada,Narmada,22.93777778,79.92083333,05-06-2021 18:00,414.899994
116,Bargi Reservoir,CWC,23,Madhya Pradesh,411,JABALPUR,JABALPUR,JABALPUR,Bargi,Narmada,Narmada,Narmada,Narmada,Narmada,Narmada,22.93777778,79.92083333,05-06-2021 19:00,414.950012
117,Bargi Reservoir,CWC,23,Madhya Pradesh,411,JABALPUR,JABALPUR,JABALPUR,Bargi,Narmada,Narmada,Narmada,Narmada,Narmada,Narmada,22.93777778,79.92083333,05-06-2021 20:00,414.950012
118,Bargi Reservoir,CWC,23,Madhya Pradesh,411,JABALPUR,JABALPUR,JABALPUR,Bargi,Narmada,Narmada,Narmada,Narmada,Narmada,Narmada,22.93777778,79.92083333,05-06-2021 21:00,414.950012
119,Bargi Reservoir,CWC,23,Madhya Pradesh,411,JABALPUR,JABALPUR,JABALPUR,Bargi,Narmada,Narmada,Narmada,Narmada,Narmada,Narmada,22.93777778,79.92083333,05-06-2021 22:00,414.950012
120,Bargi Reservoir,CWC,23,Madhya Pradesh,411,JABALPUR,JABALPUR,JABALPUR,Bargi,Narmada,Narmada,Narmada,Narmada,Narmada,Narmada,22.93777778,79.92083333,05-06-2021 23:00,414.950012
121,Bargi Reservoir,CWC,23,Madhya Pradesh,411,JABALPUR,JABALPUR,JABALPUR,Bargi,Narmada,Narmada,Narmada,Narmada,Narmada,Narmada,22.93777778,79.92083333,06-06-2021 00:00,414.950012
122,Bargi Reservoir,CWC,23,Madhya Pradesh,411,JABALPUR,JABALPUR,JABALPUR,Bargi,Narmada,Narmada,Narmada,Narmada,Narmada,Narmada,22.93777778,79.92083333,06-06-2021 01:00,414.950012
123,Bargi Reservoir,CWC,23,Madhya Pradesh,411,JABALPUR,JABALPUR,JABALPUR,Bargi,Narmada,Narmada,Narmada,Narmada,Narmada,Narmada,22.93777778,79.92083333,06-06-2021 02:00,414.950012
124,Bargi Reservoir,CWC,23,Madhya Pradesh,411,JABALPUR,JABALPUR,JABALPUR,Bargi,Narmada,Narmada,Narmada,Narmada,Narmada,Narmada,22.93777778,79.92083333,06-06-2021 03:00,414.950012
125,Bargi Reservoir,CWC,23,Madhya Pradesh,411,JABALPUR,JABALPUR,JABALPUR,Bargi,Narmada,Narmada,Narmada,Narmada,Narmada,Narmada,22.93777778,79.92083333,06-06-2021 04:00,414.950012
126,Bargi Reservoir,CWC,23,Madhya Pradesh,411,JABALPUR,JABALPUR,JABALPUR,Bargi,Narmada,Narmada,Narmada,Narmada,Narmada,Narmada,22.93777778,79.92083333,06-06-2021 05:00,414.950012
127,Bargi Reservoir,CWC,23,Madhya Pradesh,411,JABALPUR,JABALPUR,JABALPUR,Bargi,Narmada,Narmada,Narmada,Narmada,Narmada,Narmada,22.93777778,79.92083333,06-06-2021 06:00,414.950012
128,Bargi Reservoir,CWC,23,Madhya Pradesh,411,JABALPUR,JABALPUR,JABALPUR,Bargi,Narmada,Narmada,Narmada,Narmada,Narmada,Narmada,22.93777778,79.92083333,06-06-2021 07:00,414.950012
129,Bargi Reservoir,CWC,23,Madhya Pradesh,411,JABALPUR,JABALPUR,JABALPUR,Bargi,Narmada,Narmada,Narmada,Narmada,Narmada,Narmada,22.93777778,79.92083333,06-06-2021 08:00,414.850006
130,Bargi Reservoir,CWC,23,Madhya Pradesh,411,JABALPUR,JABALPUR,JABALPUR,Bargi,Narmada,Narmada,Narmada,Narmada,Narmada,Narmada,22.93777778,79.92083333,06-06-2021 09:00,414.850006
131,Bargi Reservoir,CWC,23,Madhya Pradesh,411,JABALPUR,JABALPUR,JABALPUR,Bargi,Narmada,Narmada,Narmada,Narmada,Narmada,Narmada,22.93777778,79.92083333,06-06-2021 10:00,414.850006
132,Bargi Reservoir,CWC,23,Madhya Pradesh,411,JABALPUR,JABALPUR,JABALPUR,Bargi,Narmada,Narmada,Narmada,Narmada,Narmada,Narmada,22.93777778,79.92083333,06-06-2021 11:00,414.850006
133,Bargi Reservoir,CWC,23,Madhya Pradesh,411,JABALPUR,JABALPUR,JABALPUR,Bargi,Narmada,Narmada,Narmada,Narmada,Narmada,Narmada,22.93777778,79.92083333,06-06-2021 12:00,414.850006
134,Bargi Reservoir,CWC,23,Madhya Pradesh,411,JABALPUR,JABALPUR,JABALPUR,Bargi,Narmada,Narmada,Narmada,Narmada,Narmada,Narmada,22.93777778,79.92083333,06-06-2021 13:00,414.850006
135,Bargi Reservoir,CWC,23,Madhya Pradesh,411,JABALPUR,JABALPUR,JABALPUR,Bargi,Narmada,Narmada,Narmada,Narmada,Narmada,Narmada,22.93777778,79.92083333,06-06-2021 14:00,414.850006
136,Bargi Reservoir,CWC,23,Madhya Pradesh,411,JABALPUR,JABALPUR,JABALPUR,Bargi,Narmada,Narmada,Narmada,Narmada,Narmada,Narmada,22.93777778,79.92083333,06-06-2021 15:00,414.850006
137,Bargi Reservoir,CWC,23,Madhya Pradesh,411,JABALPUR,JABALPUR,JABALPUR,Bargi,Narmada,Narmada,Narmada,Narmada,Narmada,Narmada,22.93777778,79.92083333,06-06-2021 16:00,414.850006
138,Bargi Reservoir,CWC,23,Madhya Pradesh,411,JABALPUR,JABALPUR,JABALPUR,Bargi,Narmada,Narmada,Narmada,Narmada,Narmada,Narmada,22.93777778,79.92083333,06-06-2021 17:00,414.850006
139,Bargi Reservoir,CWC,23,Madhya Pradesh,411,JABALPUR,JABALPUR,JABALPUR,Bargi,Narmada,Narmada,Narmada,Narmada,Narmada,Narmada,22.93777778,79.92083333,06-06-2021 18:00,414.850006
140,Bargi Reservoir,CWC,23,Madhya Pradesh,411,JABALPUR,JABALPUR,JABALPUR,Bargi,Narmada,Narmada,Narmada,Narmada,Narmada,Narmada,22.93777778,79.92083333,06-06-2021 19:00,414.850006
141,Bargi Reservoir,CWC,23,Madhya Pradesh,411,JABALPUR,JABALPUR,JABALPUR,Bargi,Narmada,Narmada,Narmada,Narmada,Narmada,Narmada,22.93777778,79.92083333,06-06-2021 20:00,414.850006
142,Bargi Reservoir,CWC,23,Madhya Pradesh,411,JABALPUR,JABALPUR,JABALPUR,Bargi,Narmada,Narmada,Narmada,Narmada,Narmada,Narmada,22.93777778,79.92083333,06-06-2021 21:00,414.850006
143,Bargi Reservoir,CWC,23,Madhya Pradesh,411,JABALPUR,JABALPUR,JABALPUR,Bargi,Narmada,Narmada,Narmada,Narmada,Narmada,Narmada,22.93777778,79.92083333,06-06-2021 22:00,414.850006
144,Bargi Reservoir,CWC,23,Madhya Pradesh,411,JABALPUR,JABALPUR,JABALPUR,Bargi,Narmada,Narmada,Narmada,Narmada,Narmada,Narmada,22.93777778,79.92083333,06-06-2021 23:00,414.850006
145,Bargi Reservoir,CWC,23,Madhya Pradesh,411,JABALPUR,JABALPUR,JABALPUR,Bargi,Narmada,Narmada,Narmada,Narmada,Narmada,Narmada,22.93777778,79.92083333,07-06-2021 00:00,414.850006
146,Bargi Reservoir,CWC,23,Madhya Pradesh,411,JABALPUR,JABALPUR,JABALPUR,Bargi,Narmada,Narmada,Narmada,Narmada,Narmada,Narmada,22.93777778,79.92083333,07-06-2021 01:00,414.850006
147,Bargi Reservoir,CWC,23,Madhya Pradesh,411,JABALPUR,JABALPUR,JABALPUR,Bargi,Narmada,Narmada,Narmada,Narmada,Narmada,Narmada,22.93777778,79.92083333,07-06-2021 02:00,414.850006
148,Bargi Reservoir,CWC,23,Madhya Pradesh,411,JABALPUR,JABALPUR,JABALPUR,Bargi,Narmada,Narmada,Narmada,Narmada,Narmada,Narmada,22.93777778,79.92083333,07-06-2021 03:00,414.850006
149,Bargi Reservoir,CWC,23,Madhya Pradesh,411,JABALPUR,JABALPUR,JABALPUR,Bargi,Narmada,Narmada,Narmada,Narmada,Narmada,Narmada,22.93777778,79.92083333,07-06-2021 04:00,414.850006
150,Bargi Reservoir,CWC,23,Madhya Pradesh,411,JABALPUR,JABALPUR,JABALPUR,Bargi,Narmada,Narmada,Narmada,Narmada,Narmada,Narmada,22.93777778,79.92083333,07-06-2021 05:00,414.850006
151,Bargi Reservoir,CWC,23,Madhya Pradesh,411,JABALPUR,JABALPUR,JABALPUR,Bargi,Narmada,Narmada,Narmada,Narmada,Narmada,Narmada,22.93777778,79.92083333,07-06-2021 06:00,414.850006
152,Bargi Reservoir,CWC,23,Madhya Pradesh,411,JABALPUR,JABALPUR,JABALPUR,Bargi,Narmada,Narmada,Narmada,Narmada,Narmada,Narmada,22.93777778,79.92083333,07-06-2021 07:00,414.850006
153,Bargi Reservoir,CWC,23,Madhya Pradesh,411,JABALPUR,JABALPUR,JABALPUR,Bargi,Narmada,Narmada,Narmada,Narmada,Narmada,Narmada,22.93777778,79.92083333,07-06-2021 08:00,414.799988
154,Bargi Reservoir,CWC,23,Madhya Pradesh,411,JABALPUR,JABALPUR,JABALPUR,Bargi,Narmada,Narmada,Narmada,Narmada,Narmada,Narmada,22.93777778,79.92083333,07-06-2021 09:00,414.799988
155,Bargi Reservoir,CWC,23,Madhya Pradesh,411,JABALPUR,JABALPUR,JABALPUR,Bargi,Narmada,Narmada,Narmada,Narmada,Narmada,Narmada,22.93777778,79.92083333,07-06-2021 10:00,414.799988
156,Bargi Reservoir,CWC,23,Madhya Pradesh,411,JABALPUR,JABALPUR,JABALPUR,Bargi,Narmada,Narmada,Narmada,Narmada,Narmada,Narmada,22.93777778,79.92083333,07-06-2021 11:00,414.799988
157,Bargi Reservoir,CWC,23,Madhya Pradesh,411,JABALPUR,JABALPUR,JABALPUR,Bargi,Narmada,Narmada,Narmada,Narmada,Narmada,Narmada,22.93777778,79.92083333,07-06-2021 12:00,414.799988
158,Bargi Reservoir,CWC,23,Madhya Pradesh,411,JABALPUR,JABALPUR,JABALPUR,Bargi,Narmada,Narmada,Narmada,Narmada,Narmada,Narmada,22.93777778,79.92083333,07-06-2021 13:00,414.799988
159,Bargi Reservoir,CWC,23,Madhya Pradesh,411,JABALPUR,JABALPUR,JABALPUR,Bargi,Narmada,Narmada,Narmada,Narmada,Narmada,Narmada,22.93777778,79.92083333,07-06-2021 14:00,414.799988
160,Bargi Reservoir,CWC,23,Madhya Pradesh,411,JABALPUR,JABALPUR,JABALPUR,Bargi,Narmada,Narmada,Narmada,Narmada,Narmada,Narmada,22.93777778,79.92083333,07-06-2021 15:00,414.799988
161,Bargi Reservoir,CWC,23,Madhya Pradesh,411,JABALPUR,JABALPUR,JABALPUR,Bargi,Narmada,Narmada,Narmada,Narmada,Narmada,Narmada,22.93777778,79.92083333,07-06-2021 16:00,414.799988
162,Bargi Reservoir,CWC,23,Madhya Pradesh,411,JABALPUR,JABALPUR,JABALPUR,Bargi,Narmada,Narmada,Narmada,Narmada,Narmada,Narmada,22.93777778,79.92083333,07-06-2021 17:00,414.799988
163,Bargi Reservoir,CWC,23,Madhya Pradesh,411,JABALPUR,JABALPUR,JABALPUR,Bargi,Narmada,Narmada,Narmada,Narmada,Narmada,Narmada,22.93777778,79.92083333,07-06-2021 18:00,414.799988
164,Bargi Reservoir,CWC,23,Madhya Pradesh,411,JABALPUR,JABALPUR,JABALPUR,Bargi,Narmada,Narmada,Narmada,Narmada,Narmada,Narmada,22.93777778,79.92083333,07-06-2021 19:00,414.799988
165,Bargi Reservoir,CWC,23,Madhya Pradesh,411,JABALPUR,JABALPUR,JABALPUR,Bargi,Narmada,Narmada,Narmada,Narmada,Narmada,Narmada,22.93777778,79.92083333,07-06-2021 20:00,414.799988
166,Bargi Reservoir,CWC,23,Madhya Pradesh,411,JABALPUR,JABALPUR,JABALPUR,Bargi,Narmada,Narmada,Narmada,Narmada,Narmada,Narmada,22.93777778,79.92083333,07-06-2021 21:00,414.799988
167,Bargi Reservoir,CWC,23,Madhya Pradesh,411,JABALPUR,JABALPUR,JABALPUR,Bargi,Narmada,Narmada,Narmada,Narmada,Narmada,Narmada,22.93777778,79.92083333,07-06-2021 22:00,414.799988
168,Bargi Reservoir,CWC,23,Madhya Pradesh,411,JABALPUR,JABALPUR,JABALPUR,Bargi,Narmada,Narmada,Narmada,Narmada,Narmada,Narmada,22.93777778,79.92083333,07-06-2021 23:00,414.799988
169,Bargi Reservoir,CWC,23,Madhya Pradesh,411,JABALPUR,JABALPUR,JABALPUR,Bargi,Narmada,Narmada,Narmada,Narmada,Narmada,Narmada,22.93777778,79.92083333,08-06-2021 00:00,414.799988
170,Bargi Reservoir,CWC,23,Madhya Pradesh,411,JABALPUR,JABALPUR,JABALPUR,Bargi,Narmada,Narmada,Narmada,Narmada,Narmada,Narmada,22.93777778,79.92083333,08-06-2021 01:00,414.799988
171,Bargi Reservoir,CWC,23,Madhya Pradesh,411,JABALPUR,JABALPUR,JABALPUR,Bargi,Narmada,Narmada,Narmada,Narmada,Narmada,Narmada,22.93777778,79.92083333,08-06-2021 02:00,414.799988
172,Bargi Reservoir,CWC,23,Madhya Pradesh,411,JABALPUR,JABALPUR,JABALPUR,Bargi,Narmada,Narmada,Narmada,Narmada,Narmada,Narmada,22.93777778,79.92083333,08-06-2021 03:00,414.799988
173,Bargi Reservoir,CWC,23,Madhya Pradesh,411,JABALPUR,JABALPUR,JABALPUR,Bargi,Narmada,Narmada,Narmada,Narmada,Narmada,Narmada,22.93777778,79.92083333,08-06-2021 04:00,414.799988
174,Bargi Reservoir,CWC,23,Madhya Pradesh,411,JABALPUR,JABALPUR,JABALPUR,Bargi,Narmada,Narmada,Narmada,Narmada,Narmada,Narmada,22.93777778,79.92083333,08-06-2021 05:00,414.799988
175,Bargi Reservoir,CWC,23,Madhya Pradesh,411,JABALPUR,JABALPUR,JABALPUR,Bargi,Narmada,Narmada,Narmada,Narmada,Narmada,Narmada,22.93777778,79.92083333,08-06-2021 06:00,414.799988
176,Bargi Reservoir,CWC,23,Madhya Pradesh,411,JABALPUR,JABALPUR,JABALPUR,Bargi,Narmada,Narmada,Narmada,Narmada,Narmada,Narmada,22.93777778,79.92083333,08-06-2021 07:00,414.799988
177,Bargi Reservoir,CWC,23,Madhya Pradesh,411,JABALPUR,JABALPUR,JABALPUR,Bargi,Narmada,Narmada,Narmada,Narmada,Narmada,Narmada,22.93777778,79.92083333,08-06-2021 08:00,414.750000
178,Bargi Reservoir,CWC,23,Madhya Pradesh,411,JABALPUR,JABALPUR,JABALPUR,Bargi,Narmada,Narmada,Narmada,Narmada,Narmada,Narmada,22.93777778,79.92083333,08-06-2021 09:00,414.750000
179,Bargi Reservoir,CWC,23,Madhya Pradesh,411,JABALPUR,JABALPUR,JABALPUR,Bargi,Narmada,Narmada,Narmada,Narmada,Narmada,Narmada,22.93777778,79.92083333,08-06-2021 10:00,414.750000
180,Bargi Reservoir,CWC,23,Madhya Pradesh,411,JABALPUR,JABALPUR,JABALPUR,Bargi,Narmada,Narmada,Narmada,Narmada,Narmada,Narmada,22.93777778,79.92083333,08-06-2021 11:00,414.750000
181,Bargi Reservoir,CWC,23,Madhya Pradesh,411,JABALPUR,JABALPUR,JABALPUR,Bargi,Narmada,Narmada,Narmada,Narmada,Narmada,Narmada,22.93777778,79.92083333,08-06-2021 12:00,414.750000
182,Bargi Reservoir,CWC,23,Madhya Pradesh,411,JABALPUR,JABALPUR,JABALPUR,Bargi,Narmada,Narmada,Narmada,Narmada,Narmada,Narmada,22.93777778,79.92083333,08-06-2021 13:00,414.750000
183,Bargi Reservoir,CWC,23,Madhya Pradesh,411,JABALPUR,JABALPUR,JABALPUR,Bargi,Narmada,Narmada,Narmada,Narmada,Narmada,Narmada,22.93777778,79.92083333,08-06-2021 14:00,414.750000
184,Bargi Reservoir,CWC,23,Madhya Pradesh,411,JABALPUR,JABALPUR,JABALPUR,Bargi,Narmada,Narmada,Narmada,Narmada,Narmada,Narmada,22.93777778,79.92083333,08-06-2021 15:00,414.750000
185,Bargi Reservoir,CWC,23,Madhya Pradesh,411,JABALPUR,JABALPUR,JABALPUR,Bargi,Narmada,Narmada,Narmada,Narmada,Narmada,Narmada,22.93777778,79.92083333,08-06-2021 16:00,414.750000
186,Bargi Reservoir,CWC,23,Madhya Pradesh,411,JABALPUR,JABALPUR,JABALPUR,Bargi,Narmada,Narmada,Narmada,Narmada,Narmada,Narmada,22.93777778,79.92083333,08-06-2021 17:00,414.750000
187,Bargi Reservoir,CWC,23,Madhya Pradesh,411,JABALPUR,JABALPUR,JABALPUR,Bargi,Narmada,Narmada,Narmada,Narmada,Narmada,Narmada,22.93777778,79.92083333,08-06-2021 18:00,414.750000
188,Bargi Reservoir,CWC,23,Madhya Pradesh,411,JABALPUR,JABALPUR,JABALPUR,Bargi,Narmada,Narmada,Narmada,Narmada,Narmada,Narmada,22.93777778,79.92083333,08-06-2021 19:00,414.750000
189,Bargi Reservoir,CWC,23,Madhya Pradesh,411,JABALPUR,JABALPUR,JABALPUR,Bargi,Narmada,Narmada,Narmada,Narmada,Narmada,Narmada,22.93777778,79.92083333,08-06-2021 20:00,414.750000
190,Bargi Reservoir,CWC,23,Madhya Pradesh,411,JABALPUR,JABALPUR,JABALPUR,Bargi,Narmada,Narmada,Narmada,Narmada,Narmada,Narmada,22.93777778,79.92083333,08-06-2021 21:00,414.750000
191,Bargi Reservoir,CWC,23,Madhya Pradesh,411,JABALPUR,JABALPUR,JABALPUR,Bargi,Narmada,Narmada,Narmada,Narmada,Narmada,Narmada,22.93777778,79.92083333,08-06-2021 22:00,414.750000
192,Bargi Reservoir,CWC,23,Madhya Pradesh,411,JABALPUR,JABALPUR,JABALPUR,Bargi,Narmada,Narmada,Narmada,Narmada,Narmada,Narmada,22.93777778,79.92083333,08-06-2021 23:00,414.750000
193,Bargi Reservoir,CWC,23,Madhya Pradesh,411,JABALPUR,JABALPUR,JABALPUR,Bargi,Narmada,Narmada,Narmada,Narmada,Narmada,Narmada,22.93777778,79.92083333,09-06-2021 00:00,414.750000
194,Bargi Reservoir,CWC,23,Madhya Pradesh,411,JABALPUR,JABALPUR,JABALPUR,Bargi,Narmada,Narmada,Narmada,Narmada,Narmada,Narmada,22.93777778,79.92083333,09-06-2021 01:00,414.750000
195,Bargi Reservoir,CWC,23,Madhya Pradesh,411,JABALPUR,JABALPUR,JABALPUR,Bargi,Narmada,Narmada,Narmada,Narmada,Narmada,Narmada,22.93777778,79.92083333,09-06-2021 02:00,414.750000
196,Bargi Reservoir,CWC,23,Madhya Pradesh,411,JABALPUR,JABALPUR,JABALPUR,Bargi,Narmada,Narmada,Narmada,Narmada,Narmada,Narmada,22.93777778,79.92083333,09-06-2021 03:00,414.750000
197,Bargi Reservoir,CWC,23,Madhya Pradesh,411,JABALPUR,JABALPUR,JABALPUR,Bargi,Narmada,Narmada,Narmada,Narmada,Narmada,Narmada,22.93777778,79.92083333,09-06-2021 04:00,414.750000
198,Bargi Reservoir,CWC,23,Madhya Pradesh,411,JABALPUR,JABALPUR,JABALPUR,Bargi,Narmada,Narmada,Narmada,Narmada,Narmada,Narmada,22.93777778,79.92083333,09-06-2021 05:00,414.750000
199,Bargi Reservoir,CWC,23,Madhya Pradesh,411,JABALPUR,JABALPUR,JABALPUR,Bargi,Narmada,Narmada,Narmada,Narmada,Narmada,Narmada,22.93777778,79.92083333,09-06-2021 06:00,414.750000
200,Bargi Reservoir,CWC,23,Madhya Pradesh,411,JABALPUR,JABALPUR,JABALPUR,Bargi,Narmada,Narmada,Narmada,Narmada,Narmada,Narmada,22.93777778,79.92083333,09-06-2021 07:00,414.750000
201,Bargi Reservoir,CWC,23,Madhya Pradesh,411,JABALPUR,JABALPUR,JABALPUR,Bargi,Narmada,Narmada,Narmada,Narmada,Narmada,Narmada,22.93777778,79.92083333,09-06-2021 08:00,414.700012
202,Bargi Reservoir,CWC,23,Madhya Pradesh,411,JABALPUR,JABALPUR,JABALPUR,Bargi,Narmada,Narmada,Narmada,Narmada,Narmada,Narmada,22.93777778,79.92083333,09-06-2021 09:00,414.700012
203,Bargi Reservoir,CWC,23,Madhya Pradesh,411,JABALPUR,JABALPUR,JABALPUR,Bargi,Narmada,Narmada,Narmada,Narmada,Narmada,Narmada,22.93777778,79.92083333,09-06-2021 10:00,414.700012
204,Bargi Reservoir,CWC,23,Madhya Pradesh,411,JABALPUR,JABALPUR,JABALPUR,Bargi,Narmada,Narmada,Narmada,Narmada,Narmada,Narmada,22.93777778,79.92083333,09-06-2021 11:00,414.700012
205,Bargi Reservoir,CWC,23,Madhya Pradesh,411,JABALPUR,JABALPUR,JABALPUR,Bargi,Narmada,Narmada,Narmada,Narmada,Narmada,Narmada,22.93777778,79.92083333,09-06-2021 12:00,414.700012
206,Bargi Reservoir,CWC,23,Madhya Pradesh,411,JABALPUR,JABALPUR,JABALPUR,Bargi,Narmada,Narmada,Narmada,Narmada,Narmada,Narmada,22.93777778,79.92083333,09-06-2021 13:00,414.700012
207,Bargi Reservoir,CWC,23,Madhya Pradesh,411,JABALPUR,JABALPUR,JABALPUR,Bargi,Narmada,Narmada,Narmada,Narmada,Narmada,Narmada,22.93777778,79.92083333,09-06-2021 14:00,414.700012
208,Bargi Reservoir,CWC,23,Madhya Pradesh,411,JABALPUR,JABALPUR,JABALPUR,Bargi,Narmada,Narmada,Narmada,Narmada,Narmada,Narmada,22.93777778,79.92083333,09-06-2021 15:00,415.700012
209,Bargi Reservoir,CWC,23,Madhya Pradesh,411,JABALPUR,JABALPUR,JABALPUR,Bargi,Narmada,Narmada,Narmada,Narmada,Narmada,Narmada,22.93777778,79.92083333,09-06-2021 16:00,415.700012
210,Bargi Reservoir,CWC,23,Madhya Pradesh,411,JABALPUR,JABALPUR,JABALPUR,Bargi,Narmada,Narmada,Narmada,Narmada,Narmada,Narmada,22.93777778,79.92083333,09-06-2021 17:00,415.700012
211,Bargi Reservoir,CWC,23,Madhya Pradesh,411,JABALPUR,JABALPUR,JABALPUR,Bargi,Narmada,Narmada,Narmada,Narmada,Narmada,Narmada,22.93777778,79.92083333,09-06-2021 18:00,415.700012
212,Bargi Reservoir,CWC,23,Madhya Pradesh,411,JABALPUR,JABALPUR,JABALPUR,Bargi,Narmada,Narmada,Narmada,Narmada,Narmada,Narmada,22.93777778,79.92083333,09-06-2021 19:00,415.700012
213,Bargi Reservoir,CWC,23,Madhya Pradesh,411,JABALPUR,JABALPUR,JABALPUR,Bargi,Narmada,Narmada,Narmada,Narmada,Narmada,Narmada,22.93777778,79.92083333,09-06-2021 20:00,415.700012
214,Bargi Reservoir,CWC,23,Madhya Pradesh,411,JABALPUR,JABALPUR,JABALPUR,Bargi,Narmada,Narmada,Narmada,Narmada,Narmada,Narmada,22.93777778,79.92083333,09-06-2021 21:00,415.700012
215,Bargi Reservoir,CWC,23,Madhya Pradesh,411,JABALPUR,JABALPUR,JABALPUR,Bargi,Narmada,Narmada,Narmada,Narmada,Narmada,Narmada,22.93777778,79.92083333,09-06-2021 22:00,415.700012
216,Bargi Reservoir,CWC,23,Madhya Pradesh,411,JABALPUR,JABALPUR,JABALPUR,Bargi,Narmada,Narmada,Narmada,Narmada,Narmada,Narmada,22.93777778,79.92083333,09-06-2021 23:00,415.700012
217,Bargi Reservoir,CWC,23,Madhya Pradesh,411,JABALPUR,JABALPUR,JABALPUR,Bargi,Narmada,Narmada,Narmada,Narmada,Narmada,Narmada,22.93777778,79.92083333,10-06-2021 00:00,414.700012
218,Bargi Reservoir,CWC,23,Madhya Pradesh,411,JABALPUR,JABALPUR,JABALPUR,Bargi,Narmada,Narmada,Narmada,Narmada,Narmada,Narmada,22.93777778,79.92083333,10-06-2021 01:00,414.700012
219,Bargi Reservoir,CWC,23,Madhya Pradesh,411,JABALPUR,JABALPUR,JABALPUR,Bargi,Narmada,Narmada,Narmada,Narmada,Narmada,Narmada,22.93777778,79.92083333,10-06-2021 02:00,414.700012
220,Bargi Reservoir,CWC,23,Madhya Pradesh,411,JABALPUR,JABALPUR,JABALPUR,Bargi,Narmada,Narmada,Narmada,Narmada,Narmada,Narmada,22.93777778,79.92083333,10-06-2021 03:00,414.700012
221,Bargi Reservoir,CWC,23,Madhya Pradesh,411,JABALPUR,JABALPUR,JABALPUR,Bargi,Narmada,Narmada,Narmada,Narmada,Narmada,Narmada,22.93777778,79.92083333,10-06-2021 04:00,414.700012
222,Bargi Reservoir,CWC,23,Madhya Pradesh,411,JABALPUR,JABALPUR,JABALPUR,Bargi,Narmada,Narmada,Narmada,Narmada,Narmada,Narmada,22.93777778,79.92083333,10-06-2021 05:00,414.700012
223,Bargi Reservoir,CWC,23,Madhya Pradesh,411,JABALPUR,JABALPUR,JABALPUR,Bargi,Narmada,Narmada,Narmada,Narmada,Narmada,Narmada,22.93777778,79.92083333,10-06-2021 06:00,414.700012
224,Bargi Reservoir,CWC,23,Madhya Pradesh,411,JABALPUR,JABALPUR,JABALPUR,Bargi,Narmada,Narmada,Narmada,Narmada,Narmada,Narmada,22.93777778,79.92083333,10-06-2021 07:00,414.700012
225,Bargi Reservoir,CWC,23,Madhya Pradesh,411,JABALPUR,JABALPUR,JABALPUR,Bargi,Narmada,Narmada,Narmada,Narmada,Narmada,Narmada,22.93777778,79.92083333,10-06-2021 08:00,414.700012
226,Bargi Reservoir,CWC,23,Madhya Pradesh,411,JABALPUR,JABALPUR,JABALPUR,Bargi,Narmada,Narmada,Narmada,Narmada,Narmada,Narmada,22.93777778,79.92083333,10-06-2021 09:00,414.700012
227,Bargi Reservoir,CWC,23,Madhya Pradesh,411,JABALPUR,JABALPUR,JABALPUR,Bargi,Narmada,Narmada,Narmada,Narmada,Narmada,Narmada,22.93777778,79.92083333,10-06-2021 10:00,414.700012
228,Bargi Reservoir,CWC,23,Madhya Pradesh,411,JABALPUR,JABALPUR,JABALPUR,Bargi,Narmada,Narmada,Narmada,Narmada,Narmada,Narmada,22.93777778,79.92083333,10-06-2021 11:00,414.700012
229,Bargi Reservoir,CWC,23,Madhya Pradesh,411,JABALPUR,JABALPUR,JABALPUR,Bargi,Narmada,Narmada,Narmada,Narmada,Narmada,Narmada,22.93777778,79.92083333,10-06-2021 12:00,414.700012
230,Bargi Reservoir,CWC,23,Madhya Pradesh,411,JABALPUR,JABALPUR,JABALPUR,Bargi,Narmada,Narmada,Narmada,Narmada,Narmada,Narmada,22.93777778,79.92083333,10-06-2021 13:00,414.700012
231,Bargi Reservoir,CWC,23,Madhya Pradesh,411,JABALPUR,JABALPUR,JABALPUR,Bargi,Narmada,Narmada,Narmada,Narmada,Narmada,Narmada,22.93777778,79.92083333,10-06-2021 14:00,414.700012
232,Bargi Reservoir,CWC,23,Madhya Pradesh,411,JABALPUR,JABALPUR,JABALPUR,Bargi,Narmada,Narmada,Narmada,Narmada,Narmada,Narmada,22.93777778,79.92083333,10-06-2021 15:00,414.700012
233,Bargi Reservoir,CWC,23,Madhya Pradesh,411,JABALPUR,JABALPUR,JABALPUR,Bargi,Narmada,Narmada,Narmada,Narmada,Narmada,Narmada,22.93777778,79.92083333,10-06-2021 16:00,414.700012
234,Bargi Reservoir,CWC,23,Madhya Pradesh,411,JABALPUR,JABALPUR,JABALPUR,Bargi,Narmada,Narmada,Narmada,Narmada,Narmada,Narmada,22.93777778,79.92083333,10-06-2021 17:00,414.700012
235,Bargi Reservoir,CWC,23,Madhya Pradesh,411,JABALPUR,JABALPUR,JABALPUR,Bargi,Narmada,Narmada,Narmada,Narmada,Narmada,Narmada,22.93777778,79.92083333,10-06-2021 18:00,414.700012
236,Bargi Reservoir,CWC,23,Madhya Pradesh,411,JABALPUR,JABALPUR,JABALPUR,Bargi,Narmada,Narmada,Narmada,Narmada,Narmada,Narmada,22.93777778,79.92083333,10-06-2021 19:00,414.700012
237,Bargi Reservoir,CWC,23,Madhya Pradesh,411,JABALPUR,JABALPUR,JABALPUR,Bargi,Narmada,Narmada,Narmada,Narmada,Narmada,Narmada,22.93777778,79.92083333,10-06-2021 20:00,414.700012
238,Bargi Reservoir,CWC,23,Madhya Pradesh,411,JABALPUR,JABALPUR,JABALPUR,Bargi,Narmada,Narmada,Narmada,Narmada,Narmada,Narmada,22.93777778,79.92083333,10-06-2021 21:00,414.700012
239,Bargi Reservoir,CWC,23,Madhya Pradesh,411,JABALPUR,JABALPUR,JABALPUR,Bargi,Narmada,Narmada,Narmada,Narmada,Narmada,Narmada,22.93777778,79.92083333,10-06-2021 22:00,414.700012
240,Bargi Reservoir,CWC,23,Madhya Pradesh,411,JABALPUR,JABALPUR,JABALPUR,Bargi,Narmada,Narmada,Narmada,Narmada,Narmada,Narmada,22.93777778,79.92083333,10-06-2021 23:00,414.700012
241,Bargi Reservoir,CWC,23,Madhya Pradesh,411,JABALPUR,JABALPUR,JABALPUR,Bargi,Narmada,Narmada,Narmada,Narmada,Narmada,Narmada,22.93777778,79.92083333,11-06-2021 00:00,414.700012
242,Bargi Reservoir,CWC,23,Madhya Pradesh,411,JABALPUR,JABALPUR,JABALPUR,Bargi,Narmada,Narmada,Narmada,Narmada,Narmada,Narmada,22.93777778,79.92083333,11-06-2021 01:00,414.700012
243,Bargi Reservoir,CWC,23,Madhya Pradesh,411,JABALPUR,JABALPUR,JABALPUR,Bargi,Narmada,Narmada,Narmada,Narmada,Narmada,Narmada,22.93777778,79.92083333,11-06-2021 02:00,414.700012
244,Bargi Reservoir,CWC,23,Madhya Pradesh,411,JABALPUR,JABALPUR,JABALPUR,Bargi,Narmada,Narmada,Narmada,Narmada,Narmada,Narmada,22.93777778,79.92083333,11-06-2021 03:00,414.700012
245,Bargi Reservoir,CWC,23,Madhya Pradesh,411,JABALPUR,JABALPUR,JABALPUR,Bargi,Narmada,Narmada,Narmada,Narmada,Narmada,Narmada,22.93777778,79.92083333,11-06-2021 04:00,414.700012
246,Bargi Reservoir,CWC,23,Madhya Pradesh,411,JABALPUR,JABALPUR,JABALPUR,Bargi,Narmada,Narmada,Narmada,Narmada,Narmada,Narmada,22.93777778,79.92083333,11-06-2021 05:00,414.700012
247,Bargi Reservoir,CWC,23,Madhya Pradesh,411,JABALPUR,JABALPUR,JABALPUR,Bargi,Narmada,Narmada,Narmada,Narmada,Narmada,Narmada,22.93777778,79.92083333,11-06-2021 06:00,414.700012
248,Bargi Reservoir,CWC,23,Madhya Pradesh,411,JABALPUR,JABALPUR,JABALPUR,Bargi,Narmada,Narmada,Narmada,Narmada,Narmada,Narmada,22.93777778,79.92083333,11-06-2021 07:00,414.700012
249,Bargi Reservoir,CWC,23,Madhya Pradesh,411,JABALPUR,JABALPUR,JABALPUR,Bargi,Narmada,Narmada,Narmada,Narmada,Narmada,Narmada,22.93777778,79.92083333,11-06-2021 08:00,414.700012
250,Bargi Reservoir,CWC,23,Madhya Pradesh,411,JABALPUR,JABALPUR,JABALPUR,Bargi,Narmada,Narmada,Narmada,Narmada,Narmada,Narmada,22.93777778,79.92083333,11-06-2021 09:00,414.700012
251,Bargi Reservoir,CWC,23,Madhya Pradesh,411,JABALPUR,JABALPUR,JABALPUR,Bargi,Narmada,Narmada,Narmada,Narmada,Narmada,Narmada,22.93777778,79.92083333,11-06-2021 10:00,414.700012
252,Bargi Reservoir,CWC,23,Madhya Pradesh,411,JABALPUR,JABALPUR,JABALPUR,Bargi,Narmada,Narmada,Narmada,Narmada,Narmada,Narmada,22.93777778,79.92083333,11-06-2021 11:00,414.700012
253,Bargi Reservoir,CWC,23,Madhya Pradesh,411,JABALPUR,JABALPUR,JABALPUR,Bargi,Narmada,Narmada,Narmada,Narmada,Narmada,Narmada,22.93777778,79.92083333,11-06-2021 12:00,414.700012
254,Bargi Reservoir,CWC,23,Madhya Pradesh,411,JABALPUR,JABALPUR,JABALPUR,Bargi,Narmada,Narmada,Narmada,Narmada,Narmada,Narmada,22.93777778,79.92083333,11-06-2021 13:00,414.700012
255,Bargi Reservoir,CWC,23,Madhya Pradesh,411,JABALPUR,JABALPUR,JABALPUR,Bargi,Narmada,Narmada,Narmada,Narmada,Narmada,Narmada,22.93777778,79.92083333,11-06-2021 14:00,414.700012
256,Bargi Reservoir,CWC,23,Madhya Pradesh,411,JABALPUR,JABALPUR,JABALPUR,Bargi,Narmada,Narmada,Narmada,Narmada,Narmada,Narmada,22.93777778,79.92083333,11-06-2021 15:00,414.700012
257,Bargi Reservoir,CWC,23,Madhya Pradesh,411,JABALPUR,JABALPUR,JABALPUR,Bargi,Narmada,Narmada,Narmada,Narmada,Narmada,Narmada,22.93777778,79.92083333,11-06-2021 16:00,414.700012
258,Bargi Reservoir,CWC,23,Madhya Pradesh,411,JABALPUR,JABALPUR,JABALPUR,Bargi,Narmada,Narmada,Narmada,Narmada,Narmada,Narmada,22.93777778,79.92083333,11-06-2021 17:00,414.700012
259,Bargi Reservoir,CWC,23,Madhya Pradesh,411,JABALPUR,JABALPUR,JABALPUR,Bargi,Narmada,Narmada,Narmada,Narmada,Narmada,Narmada,22.93777778,79.92083333,11-06-2021 18:00,414.700012
260,Bargi Reservoir,CWC,23,Madhya Pradesh,411,JABALPUR,JABALPUR,JABALPUR,Bargi,Narmada,Narmada,Narmada,Narmada,Narmada,Narmada,22.93777778,79.92083333,11-06-2021 19:00,414.700012
261,Bargi Reservoir,CWC,23,Madhya Pradesh,411,JABALPUR,JABALPUR,JABALPUR,Bargi,Narmada,Narmada,Narmada,Narmada,Narmada,Narmada,22.93777778,79.92083333,11-06-2021 20:00,414.700012
262,Bargi Reservoir,CWC,23,Madhya Pradesh,411,JABALPUR,JABALPUR,JABALPUR,Bargi,Narmada,Narmada,Narmada,Narmada,Narmada,Narmada,22.93777778,79.92083333,11-06-2021 21:00,414.700012
263,Bargi Reservoir,CWC,23,Madhya Pradesh,411,JABALPUR,JABALPUR,JABALPUR,Bargi,Narmada,Narmada,Narmada,Narmada,Narmada,Narmada,22.93777778,79.92083333,11-06-2021 22:00,414.700012
264,Bargi Reservoir,CWC,23,Madhya Pradesh,411,JABALPUR,JABALPUR,JABALPUR,Bargi,Narmada,Narmada,Narmada,Narmada,Narmada,Narmada,22.93777778,79.92083333,11-06-2021 23:00,414.700012
265,Bargi Reservoir,CWC,23,Madhya Pradesh,411,JABALPUR,JABALPUR,JABALPUR,Bargi,Narmada,Narmada,Narmada,Narmada,Narmada,Narmada,22.93777778,79.92083333,12-06-2021 00:00,414.700012
266,Bargi Reservoir,CWC,23,Madhya Pradesh,411,JABALPUR,JABALPUR,JABALPUR,Bargi,Narmada,Narmada,Narmada,Narmada,Narmada,Narmada,22.93777778,79.92083333,12-06-2021 01:00,414.700012
267,Bargi Reservoir,CWC,23,Madhya Pradesh,411,JABALPUR,JABALPUR,JABALPUR,Bargi,Narmada,Narmada,Narmada,Narmada,Narmada,Narmada,22.93777778,79.92083333,12-06-2021 02:00,414.700012
268,Bargi Reservoir,CWC,23,Madhya Pradesh,411,JABALPUR,JABALPUR,JABALPUR,Bargi,Narmada,Narmada,Narmada,Narmada,Narmada,Narmada,22.93777778,79.92083333,12-06-2021 03:00,414.700012
269,Bargi Reservoir,CWC,23,Madhya Pradesh,411,JABALPUR,JABALPUR,JABALPUR,Bargi,Narmada,Narmada,Narmada,Narmada,Narmada,Narmada,22.93777778,79.92083333,12-06-2021 04:00,414.700012
270,Bargi Reservoir,CWC,23,Madhya Pradesh,411,JABALPUR,JABALPUR,JABALPUR,Bargi,Narmada,Narmada,Narmada,Narmada,Narmada,Narmada,22.93777778,79.92083333,12-06-2021 05:00,414.700012
271,Bargi Reservoir,CWC,23,Madhya Pradesh,411,JABALPUR,JABALPUR,JABALPUR,Bargi,Narmada,Narmada,Narmada,Narmada,Narmada,Narmada,22.93777778,79.92083333,12-06-2021 06:00,414.700012
272,Bargi Reservoir,CWC,23,Madhya Pradesh,411,JABALPUR,JABALPUR,JABALPUR,Bargi,Narmada,Narmada,Narmada,Narmada,Narmada,Narmada,22.93777778,79.92083333,12-06-2021 07:00,414.700012
273,Bargi Reservoir,CWC,23,Madhya Pradesh,411,JABALPUR,JABALPUR,JABALPUR,Bargi,Narmada,Narmada,Narmada,Narmada,Narmada,Narmada,22.93777778,79.92083333,12-06-2021 08:00,414.750000
274,Bargi Reservoir,CWC,23,Madhya Pradesh,411,JABALPUR,JABALPUR,JABALPUR,Bargi,Narmada,Narmada,Narmada,Narmada,Narmada,Narmada,22.93777778,79.92083333,12-06-2021 09:00,414.750000
275,Bargi Reservoir,CWC,23,Madhya Pradesh,411,JABALPUR,JABALPUR,JABALPUR,Bargi,Narmada,Narmada,Narmada,Narmada,Narmada,Narmada,22.93777778,79.92083333,12-06-2021 10:00,414.750000
276,Bargi Reservoir,CWC,23,Madhya Pradesh,411,JABALPUR,JABALPUR,JABALPUR,Bargi,Narmada,Narmada,Narmada,Narmada,Narmada,Narmada,22.93777778,79.92083333,12-06-2021 11:00,414.750000
277,Bargi Reservoir,CWC,23,Madhya Pradesh,411,JABALPUR,JABALPUR,JABALPUR,Bargi,Narmada,Narmada,Narmada,Narmada,Narmada,Narmada,22.93777778,79.92083333,12-06-2021 12:00,414.750000
278,Bargi Reservoir,CWC,23,Madhya Pradesh,411,JABALPUR,JABALPUR,JABALPUR,Bargi,Narmada,Narmada,Narmada,Narmada,Narmada,Narmada,22.93777778,79.92083333,12-06-2021 13:00,414.750000
279,Bargi Reservoir,CWC,23,Madhya Pradesh,411,JABALPUR,JABALPUR,JABALPUR,Bargi,Narmada,Narmada,Narmada,Narmada,Narmada,Narmada,22.93777778,79.92083333,12-06-2021 14:00,414.750000
280,Bargi Reservoir,CWC,23,Madhya Pradesh,411,JABALPUR,JABALPUR,JABALPUR,Bargi,Narmada,Narmada,Narmada,Narmada,Narmada,Narmada,22.93777778,79.92083333,12-06-2021 15:00,414.750000
281,Bargi Reservoir,CWC,23,Madhya Pradesh,411,JABALPUR,JABALPUR,JABALPUR,Bargi,Narmada,Narmada,Narmada,Narmada,Narmada,Narmada,22.93777778,79.92083333,12-06-2021 16:00,414.750000
282,Bargi Reservoir,CWC,23,Madhya Pradesh,411,JABALPUR,JABALPUR,JABALPUR,Bargi,Narmada,Narmada,Narmada,Narmada,Narmada,Narmada,22.93777778,79.92083333,12-06-2021 17:00,414.750000
283,Bargi Reservoir,CWC,23,Madhya Pradesh,411,JABALPUR,JABALPUR,JABALPUR,Bargi,Narmada,Narmada,Narmada,Narmada,Narmada,Narmada,22.93777778,79.92083333,12-06-2021 18:00,414.750000
284,Bargi Reservoir,CWC,23,Madhya Pradesh,411,JABALPUR,JABALPUR,JABALPUR,Bargi,Narmada,Narmada,Narmada,Narmada,Narmada,Narmada,22.93777778,79.92083333,12-06-2021 19:00,414.750000
285,Bargi Reservoir,CWC,23,Madhya Pradesh,411,JABALPUR,JABALPUR,JABALPUR,Bargi,Narmada,Narmada,Narmada,Narmada,Narmada,Narmada,22.93777778,79.92083333,12-06-2021 20:00,414.750000
286,Bargi Reservoir,CWC,23,Madhya Pradesh,411,JABALPUR,JABALPUR,JABALPUR,Bargi,Narmada,Narmada,Narmada,Narmada,Narmada,Narmada,22.93777778,79.92083333,12-06-2021 21:00,414.750000
287,Bargi Reservoir,CWC,23,Madhya Pradesh,411,JABALPUR,JABALPUR,JABALPUR,Bargi,Narmada,Narmada,Narmada,Narmada,Narmada,Narmada,22.93777778,79.92083333,12-06-2021 22:00,414.750000
288,Bargi Reservoir,CWC,23,Madhya Pradesh,411,JABALPUR,JABALPUR,JABALPUR,Bargi,Narmada,Narmada,Narmada,Narmada,Narmada,Narmada,22.93777778,79.92083333,12-06-2021 23:00,414.750000
289,Bargi Reservoir,CWC,23,Madhya Pradesh,411,JABALPUR,JABALPUR,JABALPUR,Bargi,Narmada,Narmada,Narmada,Narmada,Narmada,Narmada,22.93777778,79.92083333,13-06-2021 00:00,414.750000
290,Bargi Reservoir,CWC,23,Madhya Pradesh,411,JABALPUR,JABALPUR,JABALPUR,Bargi,Narmada,Narmada,Narmada,Narmada,Narmada,Narmada,22.93777778,79.92083333,13-06-2021 01:00,414.750000
291,Bargi Reservoir,CWC,23,Madhya Pradesh,411,JABALPUR,JABALPUR,JABALPUR,Bargi,Narmada,Narmada,Narmada,Narmada,Narmada,Narmada,22.93777778,79.92083333,13-06-2021 02:00,414.750000
292,Bargi Reservoir,CWC,23,Madhya Pradesh,411,JABALPUR,JABALPUR,JABALPUR,Bargi,Narmada,Narmada,Narmada,Narmada,Narmada,Narmada,22.93777778,79.92083333,13-06-2021 03:00,414.750000
293,Bargi Reservoir,CWC,23,Madhya Pradesh,411,JABALPUR,JABALPUR,JABALPUR,Bargi,Narmada,Narmada,Narmada,Narmada,Narmada,Narmada,22.93777778,79.92083333,13-06-2021 04:00,414.750000
294,Bargi Reservoir,CWC,23,Madhya Pradesh,411,JABALPUR,JABALPUR,JABALPUR,Bargi,Narmada,Narmada,Narmada,Narmada,Narmada,Narmada,22.93777778,79.92083333,13-06-2021 05:00,414.750000
295,Bargi Reservoir,CWC,23,Madhya Pradesh,411,JABALPUR,JABALPUR,JABALPUR,Bargi,Narmada,Narmada,Narmada,Narmada,Narmada,Narmada,22.93777778,79.92083333,13-06-2021 06:00,414.750000
296,Bargi Reservoir,CWC,23,Madhya Pradesh,411,JABALPUR,JABALPUR,JABALPUR,Bargi,Narmada,Narmada,Narmada,Narmada,Narmada,Narmada,22.93777778,79.92083333,13-06-2021 07:00,414.750000
297,Bargi Reservoir,CWC,23,Madhya Pradesh,411,JABALPUR,JABALPUR,JABALPUR,Bargi,Narmada,Narmada,Narmada,Narmada,Narmada,Narmada,22.93777778,79.92083333,13-06-2021 08:00,414.799988
298,Bargi Reservoir,CWC,23,Madhya Pradesh,411,JABALPUR,JABALPUR,JABALPUR,Bargi,Narmada,Narmada,Narmada,Narmada,Narmada,Narmada,22.93777778,79.92083333,13-06-2021 09:00,414.799988
299,Bargi Reservoir,CWC,23,Madhya Pradesh,411,JABALPUR,JABALPUR,JABALPUR,Bargi,Narmada,Narmada,Narmada,Narmada,Narmada,Narmada,22.93777778,79.92083333,13-06-2021 10:00,414.799988
300,Bargi Reservoir,CWC,23,Madhya Pradesh,411,JABALPUR,JABALPUR,JABALPUR,Bargi,Narmada,Narmada,Narmada,Narmada,Narmada,Narmada,22.93777778,79.92083333,13-06-2021 11:00,414.799988
301,Bargi Reservoir,CWC,23,Madhya Pradesh,411,JABALPUR,JABALPUR,JABALPUR,Bargi,Narmada,Narmada,Narmada,Narmada,Narmada,Narmada,22.93777778,79.92083333,13-06-2021 12:00,414.799988
302,Bargi Reservoir,CWC,23,Madhya Pradesh,411,JABALPUR,JABALPUR,JABALPUR,Bargi,Narmada,Narmada,Narmada,Narmada,Narmada,Narmada,22.93777778,79.92083333,13-06-2021 13:00,414.799988
303,Bargi Reservoir,CWC,23,Madhya Pradesh,411,JABALPUR,JABALPUR,JABALPUR,Bargi,Narmada,Narmada,Narmada,Narmada,Narmada,Narmada,22.93777778,79.92083333,13-06-2021 14:00,414.799988
304,Bargi Reservoir,CWC,23,Madhya Pradesh,411,JABALPUR,JABALPUR,JABALPUR,Bargi,Narmada,Narmada,Narmada,Narmada,Narmada,Narmada,22.93777778,79.92083333,13-06-2021 15:00,414.799988
305,Bargi Reservoir,CWC,23,Madhya Pradesh,411,JABALPUR,JABALPUR,JABALPUR,Bargi,Narmada,Narmada,Narmada,Narmada,Narmada,Narmada,22.93777778,79.92083333,13-06-2021 16:00,414.799988
306,Bargi Reservoir,CWC,23,Madhya Pradesh,411,JABALPUR,JABALPUR,JABALPUR,Bargi,Narmada,Narmada,Narmada,Narmada,Narmada,Narmada,22.93777778,79.92083333,13-06-2021 17:00,414.799988
307,Bargi Reservoir,CWC,23,Madhya Pradesh,411,JABALPUR,JABALPUR,JABALPUR,Bargi,Narmada,Narmada,Narmada,Narmada,Narmada,Narmada,22.93777778,79.92083333,13-06-2021 18:00,414.799988
308,Bargi Reservoir,CWC,23,Madhya Pradesh,411,JABALPUR,JABALPUR,JABALPUR,Bargi,Narmada,Narmada,Narmada,Narmada,Narmada,Narmada,22.93777778,79.92083333,13-06-2021 19:00,414.799988
309,Bargi Reservoir,CWC,23,Madhya Pradesh,411,JABALPUR,JABALPUR,JABALPUR,Bargi,Narmada,Narmada,Narmada,Narmada,Narmada,Narmada,22.93777778,79.92083333,13-06-2021 20:00,414.799988
310,Bargi Reservoir,CWC,23,Madhya Pradesh,411,JABALPUR,JABALPUR,JABALPUR,Bargi,Narmada,Narmada,Narmada,Narmada,Narmada,Narmada,22.93777778,79.92083333,13-06-2021 21:00,414.799988
311,Bargi Reservoir,CWC,23,Madhya Pradesh,411,JABALPUR,JABALPUR,JABALPUR,Bargi,Narmada,Narmada,Narmada,Narmada,Narmada,Narmada,22.93777778,79.92083333,13-06-2021 22:00,414.799988
312,Bargi Reservoir,CWC,23,Madhya Pradesh,411,JABALPUR,JABALPUR,JABALPUR,Bargi,Narmada,Narmada,Narmada,Narmada,Narmada,Narmada,22.93777778,79.92083333,13-06-2021 23:00,414.799988
313,Bargi Reservoir,CWC,23,Madhya Pradesh,411,JABALPUR,JABALPUR,JABALPUR,Bargi,Narmada,Narmada,Narmada,Narmada,Narmada,Narmada,22.93777778,79.92083333,14-06-2021 00:00,414.799988
314,Bargi Reservoir,CWC,23,Madhya Pradesh,411,JABALPUR,JABALPUR,JABALPUR,Bargi,Narmada,Narmada,Narmada,Narmada,Narmada,Narmada,22.93777778,79.92083333,14-06-2021 01:00,414.799988
315,Bargi Reservoir,CWC,23,Madhya Pradesh,411,JABALPUR,JABALPUR,JABALPUR,Bargi,Narmada,Narmada,Narmada,Narmada,Narmada,Narmada,22.93777778,79.92083333,14-06-2021 02:00,414.799988
316,Bargi Reservoir,CWC,23,Madhya Pradesh,411,JABALPUR,JABALPUR,JABALPUR,Bargi,Narmada,Narmada,Narmada,Narmada,Narmada,Narmada,22.93777778,79.92083333,14-06-2021 03:00,414.799988
317,Bargi Reservoir,CWC,23,Madhya Pradesh,411,JABALPUR,JABALPUR,JABALPUR,Bargi,Narmada,Narmada,Narmada,Narmada,Narmada,Narmada,22.93777778,79.92083333,14-06-2021 04:00,414.799988
318,Bargi Reservoir,CWC,23,Madhya Pradesh,411,JABALPUR,JABALPUR,JABALPUR,Bargi,Narmada,Narmada,Narmada,Narmada,Narmada,Narmada,22.93777778,79.92083333,14-06-2021 05:00,414.799988
319,Bargi Reservoir,CWC,23,Madhya Pradesh,411,JABALPUR,JABALPUR,JABALPUR,Bargi,Narmada,Narmada,Narmada,Narmada,Narmada,Narmada,22.93777778,79.92083333,14-06-2021 06:00,414.799988
320,Bargi Reservoir,CWC,23,Madhya Pradesh,411,JABALPUR,JABALPUR,JABALPUR,Bargi,Narmada,Narmada,Narmada,Narmada,Narmada,Narmada,22.93777778,79.92083333,14-06-2021 07:00,414.799988
321,Bargi Reservoir,CWC,23,Madhya Pradesh,411,JABALPUR,JABALPUR,JABALPUR,Bargi,Narmada,Narmada,Narmada,Narmada,Narmada,Narmada,22.93777778,79.92083333,14-06-2021 08:00,414.850006
322,Bargi Reservoir,CWC,23,Madhya Pradesh,411,JABALPUR,JABALPUR,JABALPUR,Bargi,Narmada,Narmada,Narmada,Narmada,Narmada,Narmada,22.93777778,79.92083333,14-06-2021 09:00,414.850006
323,Bargi Reservoir,CWC,23,Madhya Pradesh,411,JABALPUR,JABALPUR,JABALPUR,Bargi,Narmada,Narmada,Narmada,Narmada,Narmada,Narmada,22.93777778,79.92083333,14-06-2021 10:00,414.850006
324,Bargi Reservoir,CWC,23,Madhya Pradesh,411,JABALPUR,JABALPUR,JABALPUR,Bargi,Narmada,Narmada,Narmada,Narmada,Narmada,Narmada,22.93777778,79.92083333,14-06-2021 11:00,414.850006
325,Bargi Reservoir,CWC,23,Madhya Pradesh,411,JABALPUR,JABALPUR,JABALPUR,Bargi,Narmada,Narmada,Narmada,Narmada,Narmada,Narmada,22.93777778,79.92083333,14-06-2021 12:00,414.850006
326,Bargi Reservoir,CWC,23,Madhya Pradesh,411,JABALPUR,JABALPUR,JABALPUR,Bargi,Narmada,Narmada,Narmada,Narmada,Narmada,Narmada,22.93777778,79.92083333,14-06-2021 13:00,414.850006
327,Bargi Reservoir,CWC,23,Madhya Pradesh,411,JABALPUR,JABALPUR,JABALPUR,Bargi,Narmada,Narmada,Narmada,Narmada,Narmada,Narmada,22.93777778,79.92083333,14-06-2021 14:00,414.850006
328,Bargi Reservoir,CWC,23,Madhya Pradesh,411,JABALPUR,JABALPUR,JABALPUR,Bargi,Narmada,Narmada,Narmada,Narmada,Narmada,Narmada,22.93777778,79.92083333,14-06-2021 15:00,414.850006
329,Bargi Reservoir,CWC,23,Madhya Pradesh,411,JABALPUR,JABALPUR,JABALPUR,Bargi,Narmada,Narmada,Narmada,Narmada,Narmada,Narmada,22.93777778,79.92083333,14-06-2021 16:00,414.850006
330,Bargi Reservoir,CWC,23,Madhya Pradesh,411,JABALPUR,JABALPUR,JABALPUR,Bargi,Narmada,Narmada,Narmada,Narmada,Narmada,Narmada,22.93777778,79.92083333,14-06-2021 17:00,414.850006
331,Bargi Reservoir,CWC,23,Madhya Pradesh,411,JABALPUR,JABALPUR,JABALPUR,Bargi,Narmada,Narmada,Narmada,Narmada,Narmada,Narmada,22.93777778,79.92083333,14-06-2021 18:00,414.850006
332,Bargi Reservoir,CWC,23,Madhya Pradesh,411,JABALPUR,JABALPUR,JABALPUR,Bargi,Narmada,Narmada,Narmada,Narmada,Narmada,Narmada,22.93777778,79.92083333,14-06-2021 19:00,414.850006
333,Bargi Reservoir,CWC,23,Madhya Pradesh,411,JABALPUR,JABALPUR,JABALPUR,Bargi,Narmada,Narmada,Narmada,Narmada,Narmada,Narmada,22.93777778,79.92083333,14-06-2021 20:00,414.850006
334,Bargi Reservoir,CWC,23,Madhya Pradesh,411,JABALPUR,JABALPUR,JABALPUR,Bargi,Narmada,Narmada,Narmada,Narmada,Narmada,Narmada,22.93777778,79.92083333,14-06-2021 21:00,414.850006
335,Bargi Reservoir,CWC,23,Madhya Pradesh,411,JABALPUR,JABALPUR,JABALPUR,Bargi,Narmada,Narmada,Narmada,Narmada,Narmada,Narmada,22.93777778,79.92083333,14-06-2021 22:00,414.850006
336,Bargi Reservoir,CWC,23,Madhya Pradesh,411,JABALPUR,JABALPUR,JABALPUR,Bargi,Narmada,Narmada,Narmada,Narmada,Narmada,Narmada,22.93777778,79.92083333,14-06-2021 23:00,414.850006
337,Bargi Reservoir,CWC,23,Madhya Pradesh,411,JABALPUR,JABALPUR,JABALPUR,Bargi,Narmada,Narmada,Narmada,Narmada,Narmada,Narmada,22.93777778,79.92083333,15-06-2021 00:00,414.850006
338,Bargi Reservoir,CWC,23,Madhya Pradesh,411,JABALPUR,JABALPUR,JABALPUR,Bargi,Narmada,Narmada,Narmada,Narmada,Narmada,Narmada,22.93777778,79.92083333,15-06-2021 01:00,414.850006
339,Bargi Reservoir,CWC,23,Madhya Pradesh,411,JABALPUR,JABALPUR,JABALPUR,Bargi,Narmada,Narmada,Narmada,Narmada,Narmada,Narmada,22.93777778,79.92083333,15-06-2021 02:00,414.850006
340,Bargi Reservoir,CWC,23,Madhya Pradesh,411,JABALPUR,JABALPUR,JABALPUR,Bargi,Narmada,Narmada,Narmada,Narmada,Narmada,Narmada,22.93777778,79.92083333,15-06-2021 03:00,414.850006
341,Bargi Reservoir,CWC,23,Madhya Pradesh,411,JABALPUR,JABALPUR,JABALPUR,Bargi,Narmada,Narmada,Narmada,Narmada,Narmada,Narmada,22.93777778,79.92083333,15-06-2021 04:00,414.850006
342,Bargi Reservoir,CWC,23,Madhya Pradesh,411,JABALPUR,JABALPUR,JABALPUR,Bargi,Narmada,Narmada,Narmada,Narmada,Narmada,Narmada,22.93777778,79.92083333,15-06-2021 05:00,414.850006
343,Bargi Reservoir,CWC,23,Madhya Pradesh,411,JABALPUR,JABALPUR,JABALPUR,Bargi,Narmada,Narmada,Narmada,Narmada,Narmada,Narmada,22.93777778,79.92083333,15-06-2021 06:00,414.850006
344,Bargi Reservoir,CWC,23,Madhya Pradesh,411,JABALPUR,JABALPUR,JABALPUR,Bargi,Narmada,Narmada,Narmada,Narmada,Narmada,Narmada,22.93777778,79.92083333,15-06-2021 07:00,414.850006
345,Bargi Reservoir,CWC,23,Madhya Pradesh,411,JABALPUR,JABALPUR,JABALPUR,Bargi,Narmada,Narmada,Narmada,Narmada,Narmada,Narmada,22.93777778,79.92083333,15-06-2021 08:00,414.850006
346,Bargi Reservoir,CWC,23,Madhya Pradesh,411,JABALPUR,JABALPUR,JABALPUR,Bargi,Narmada,Narmada,Narmada,Narmada,Narmada,Narmada,22.93777778,79.92083333,15-06-2021 09:00,414.850006
347,Bargi Reservoir,CWC,23,Madhya Pradesh,411,JABALPUR,JABALPUR,JABALPUR,Bargi,Narmada,Narmada,Narmada,Narmada,Narmada,Narmada,22.93777778,79.92083333,15-06-2021 10:00,414.850006
348,Bargi Reservoir,CWC,23,Madhya Pradesh,411,JABALPUR,JABALPUR,JABALPUR,Bargi,Narmada,Narmada,Narmada,Narmada,Narmada,Narmada,22.93777778,79.92083333,15-06-2021 11:00,414.850006
349,Bargi Reservoir,CWC,23,Madhya Pradesh,411,JABALPUR,JABALPUR,JABALPUR,Bargi,Narmada,Narmada,Narmada,Narmada,Narmada,Narmada,22.93777778,79.92083333,15-06-2021 12:00,414.850006
350,Bargi Reservoir,CWC,23,Madhya Pradesh,411,JABALPUR,JABALPUR,JABALPUR,Bargi,Narmada,Narmada,Narmada,Narmada,Narmada,Narmada,22.93777778,79.92083333,15-06-2021 13:00,414.850006
351,Bargi Reservoir,CWC,23,Madhya Pradesh,411,JABALPUR,JABALPUR,JABALPUR,Bargi,Narmada,Narmada,Narmada,Narmada,Narmada,Narmada,22.93777778,79.92083333,15-06-2021 14:00,414.850006
352,Bargi Reservoir,CWC,23,Madhya Pradesh,411,JABALPUR,JABALPUR,JABALPUR,Bargi,Narmada,Narmada,Narmada,Narmada,Narmada,Narmada,22.93777778,79.92083333,15-06-2021 15:00,414.850006
353,Bargi Reservoir,CWC,23,Madhya Pradesh,411,JABALPUR,JABALPUR,JABALPUR,Bargi,Narmada,Narmada,Narmada,Narmada,Narmada,Narmada,22.93777778,79.92083333,15-06-2021 16:00,414.850006
354,Bargi Reservoir,CWC,23,Madhya Pradesh,411,JABALPUR,JABALPUR,JABALPUR,Bargi,Narmada,Narmada,Narmada,Narmada,Narmada,Narmada,22.93777778,79.92083333,15-06-2021 17:00,414.850006
355,Bargi Reservoir,CWC,23,Madhya Pradesh,411,JABALPUR,JABALPUR,JABALPUR,Bargi,Narmada,Narmada,Narmada,Narmada,Narmada,Narmada,22.93777778,79.92083333,15-06-2021 18:00,414.850006
356,Bargi Reservoir,CWC,23,Madhya Pradesh,411,JABALPUR,JABALPUR,JABALPUR,Bargi,Narmada,Narmada,Narmada,Narmada,Narmada,Narmada,22.93777778,79.92083333,15-06-2021 19:00,414.850006
357,Bargi Reservoir,CWC,23,Madhya Pradesh,411,JABALPUR,JABALPUR,JABALPUR,Bargi,Narmada,Narmada,Narmada,Narmada,Narmada,Narmada,22.93777778,79.92083333,15-06-2021 20:00,414.850006
358,Bargi Reservoir,CWC,23,Madhya Pradesh,411,JABALPUR,JABALPUR,JABALPUR,Bargi,Narmada,Narmada,Narmada,Narmada,Narmada,Narmada,22.93777778,79.92083333,15-06-2021 21:00,414.850006
359,Bargi Reservoir,CWC,23,Madhya Pradesh,411,JABALPUR,JABALPUR,JABALPUR,Bargi,Narmada,Narmada,Narmada,Narmada,Narmada,Narmada,22.93777778,79.92083333,15-06-2021 22:00,414.850006
360,Bargi Reservoir,CWC,23,Madhya Pradesh,411,JABALPUR,JABALPUR,JABALPUR,Bargi,Narmada,Narmada,Narmada,Narmada,Narmada,Narmada,22.93777778,79.92083333,15-06-2021 23:00,414.850006
361,Bargi Reservoir,CWC,23,Madhya Pradesh,411,JABALPUR,JABALPUR,JABALPUR,Bargi,Narmada,Narmada,Narmada,Narmada,Narmada,Narmada,22.93777778,79.92083333,16-06-2021 00:00,414.850006
362,Bargi Reservoir,CWC,23,Madhya Pradesh,411,JABALPUR,JABALPUR,JABALPUR,Bargi,Narmada,Narmada,Narmada,Narmada,Narmada,Narmada,22.93777778,79.92083333,16-06-2021 01:00,414.850006
363,Bargi Reservoir,CWC,23,Madhya Pradesh,411,JABALPUR,JABALPUR,JABALPUR,Bargi,Narmada,Narmada,Narmada,Narmada,Narmada,Narmada,22.93777778,79.92083333,16-06-2021 02:00,414.850006
364,Bargi Reservoir,CWC,23,Madhya Pradesh,411,JABALPUR,JABALPUR,JABALPUR,Bargi,Narmada,Narmada,Narmada,Narmada,Narmada,Narmada,22.93777778,79.92083333,16-06-2021 03:00,414.850006
365,Bargi Reservoir,CWC,23,Madhya Pradesh,411,JABALPUR,JABALPUR,JABALPUR,Bargi,Narmada,Narmada,Narmada,Narmada,Narmada,Narmada,22.93777778,79.92083333,16-06-2021 04:00,414.850006
366,Bargi Reservoir,CWC,23,Madhya Pradesh,411,JABALPUR,JABALPUR,JABALPUR,Bargi,Narmada,Narmada,Narmada,Narmada,Narmada,Narmada,22.93777778,79.92083333,16-06-2021 05:00,414.850006
367,Bargi Reservoir,CWC,23,Madhya Pradesh,411,JABALPUR,JABALPUR,JABALPUR,Bargi,Narmada,Narmada,Narmada,Narmada,Narmada,Narmada,22.93777778,79.92083333,16-06-2021 06:00,414.850006
368,Bargi Reservoir,CWC,23,Madhya Pradesh,411,JABALPUR,JABALPUR,JABALPUR,Bargi,Narmada,Narmada,Narmada,Narmada,Narmada,Narmada,22.93777778,79.92083333,16-06-2021 07:00,414.850006
369,Bargi Reservoir,CWC,23,Madhya Pradesh,411,JABALPUR,JABALPUR,JABALPUR,Bargi,Narmada,Narmada,Narmada,Narmada,Narmada,Narmada,22.93777778,79.92083333,16-06-2021 08:00,414.850006
370,Bargi Reservoir,CWC,23,Madhya Pradesh,411,JABALPUR,JABALPUR,JABALPUR,Bargi,Narmada,Narmada,Narmada,Narmada,Narmada,Narmada,22.93777778,79.92083333,16-06-2021 09:00,414.850006
371,Bargi Reservoir,CWC,23,Madhya Pradesh,411,JABALPUR,JABALPUR,JABALPUR,Bargi,Narmada,Narmada,Narmada,Narmada,Narmada,Narmada,22.93777778,79.92083333,16-06-2021 10:00,414.850006
372,Bargi Reservoir,CWC,23,Madhya Pradesh,411,JABALPUR,JABALPUR,JABALPUR,Bargi,Narmada,Narmada,Narmada,Narmada,Narmada,Narmada,22.93777778,79.92083333,16-06-2021 11:00,414.850006
373,Bargi Reservoir,CWC,23,Madhya Pradesh,411,JABALPUR,JABALPUR,JABALPUR,Bargi,Narmada,Narmada,Narmada,Narmada,Narmada,Narmada,22.93777778,79.92083333,16-06-2021 12:00,414.850006
374,Bargi Reservoir,CWC,23,Madhya Pradesh,411,JABALPUR,JABALPUR,JABALPUR,Bargi,Narmada,Narmada,Narmada,Narmada,Narmada,Narmada,22.93777778,79.92083333,16-06-2021 13:00,414.850006
375,Bargi Reservoir,CWC,23,Madhya Pradesh,411,JABALPUR,JABALPUR,JABALPUR,Bargi,Narmada,Narmada,Narmada,Narmada,Narmada,Narmada,22.93777778,79.92083333,16-06-2021 14:00,414.850006
376,Bargi Reservoir,CWC,23,Madhya Pradesh,411,JABALPUR,JABALPUR,JABALPUR,Bargi,Narmada,Narmada,Narmada,Narmada,Narmada,Narmada,22.93777778,79.92083333,16-06-2021 15:00,414.850006
377,Bargi Reservoir,CWC,23,Madhya Pradesh,411,JABALPUR,JABALPUR,JABALPUR,Bargi,Narmada,Narmada,Narmada,Narmada,Narmada,Narmada,22.93777778,79.92083333,16-06-2021 16:00,414.850006
378,Bargi Reservoir,CWC,23,Madhya Pradesh,411,JABALPUR,JABALPUR,JABALPUR,Bargi,Narmada,Narmada,Narmada,Narmada,Narmada,Narmada,22.93777778,79.92083333,16-06-2021 17:00,414.850006
379,Bargi Reservoir,CWC,23,Madhya Pradesh,411,JABALPUR,JABALPUR,JABALPUR,Bargi,Narmada,Narmada,Narmada,Narmada,Narmada,Narmada,22.93777778,79.92083333,16-06-2021 18:00,414.850006
380,Bargi Reservoir,CWC,23,Madhya Pradesh,411,JABALPUR,JABALPUR,JABALPUR,Bargi,Narmada,Narmada,Narmada,Narmada,Narmada,Narmada,22.93777778,79.92083333,16-06-2021 19:00,414.850006
381,Bargi Reservoir,CWC,23,Madhya Pradesh,411,JABALPUR,JABALPUR,JABALPUR,Bargi,Narmada,Narmada,Narmada,Narmada,Narmada,Narmada,22.93777778,79.92083333,16-06-2021 20:00,414.850006
382,Bargi Reservoir,CWC,23,Madhya Pradesh,411,JABALPUR,JABALPUR,JABALPUR,Bargi,Narmada,Narmada,Narmada,Narmada,Narmada,Narmada,22.93777778,79.92083333,16-06-2021 21:00,414.850006
383,Bargi Reservoir,CWC,23,Madhya Pradesh,411,JABALPUR,JABALPUR,JABALPUR,Bargi,Narmada,Narmada,Narmada,Narmada,Narmada,Narmada,22.93777778,79.92083333,16-06-2021 22:00,414.850006
384,Bargi Reservoir,CWC,23,Madhya Pradesh,411,JABALPUR,JABALPUR,JABALPUR,Bargi,Narmada,Narmada,Narmada,Narmada,Narmada,Narmada,22.93777778,79.92083333,16-06-2021 23:00,414.850006
385,Bargi Reservoir,CWC,23,Madhya Pradesh,411,JABALPUR,JABALPUR,JABALPUR,Bargi,Narmada,Narmada,Narmada,Narmada,Narmada,Narmada,22.93777778,79.92083333,17-06-2021 00:00,414.850006
386,Bargi Reservoir,CWC,23,Madhya Pradesh,411,JABALPUR,JABALPUR,JABALPUR,Bargi,Narmada,Narmada,Narmada,Narmada,Narmada,Narmada,22.93777778,79.92083333,17-06-2021 01:00,414.850006
387,Bargi Reservoir,CWC,23,Madhya Pradesh,411,JABALPUR,JABALPUR,JABALPUR,Bargi,Narmada,Narmada,Narmada,Narmada,Narmada,Narmada,22.93777778,79.92083333,17-06-2021 02:00,414.850006
388,Bargi Reservoir,CWC,23,Madhya Pradesh,411,JABALPUR,JABALPUR,JABALPUR,Bargi,Narmada,Narmada,Narmada,Narmada,Narmada,Narmada,22.93777778,79.92083333,17-06-2021 03:00,414.850006
389,Bargi Reservoir,CWC,23,Madhya Pradesh,411,JABALPUR,JABALPUR,JABALPUR,Bargi,Narmada,Narmada,Narmada,Narmada,Narmada,Narmada,22.93777778,79.92083333,17-06-2021 04:00,414.850006
390,Bargi Reservoir,CWC,23,Madhya Pradesh,411,JABALPUR,JABALPUR,JABALPUR,Bargi,Narmada,Narmada,Narmada,Narmada,Narmada,Narmada,22.93777778,79.92083333,17-06-2021 05:00,414.850006
391,Bargi Reservoir,CWC,23,Madhya Pradesh,411,JABALPUR,JABALPUR,JABALPUR,Bargi,Narmada,Narmada,Narmada,Narmada,Narmada,Narmada,22.93777778,79.92083333,17-06-2021 06:00,414.850006
392,Bargi Reservoir,CWC,23,Madhya Pradesh,411,JABALPUR,JABALPUR,JABALPUR,Bargi,Narmada,Narmada,Narmada,Narmada,Narmada,Narmada,22.93777778,79.92083333,17-06-2021 07:00,414.850006
393,Bargi Reservoir,CWC,23,Madhya Pradesh,411,JABALPUR,JABALPUR,JABALPUR,Bargi,Narmada,Narmada,Narmada,Narmada,Narmada,Narmada,22.93777778,79.92083333,17-06-2021 08:00,414.850006
394,Bargi Reservoir,CWC,23,Madhya Pradesh,411,JABALPUR,JABALPUR,JABALPUR,Bargi,Narmada,Narmada,Narmada,Narmada,Narmada,Narmada,22.93777778,79.92083333,17-06-2021 09:00,414.850006
395,Bargi Reservoir,CWC,23,Madhya Pradesh,411,JABALPUR,JABALPUR,JABALPUR,Bargi,Narmada,Narmada,Narmada,Narmada,Narmada,Narmada,22.93777778,79.92083333,17-06-2021 10:00,414.850006
396,Bargi Reservoir,CWC,23,Madhya Pradesh,411,JABALPUR,JABALPUR,JABALPUR,Bargi,Narmada,Narmada,Narmada,Narmada,Narmada,Narmada,22.93777778,79.92083333,17-06-2021 11:00,414.850006
397,Bargi Reservoir,CWC,23,Madhya Pradesh,411,JABALPUR,JABALPUR,JABALPUR,Bargi,Narmada,Narmada,Narmada,Narmada,Narmada,Narmada,22.93777778,79.92083333,17-06-2021 12:00,414.850006
398,Bargi Reservoir,CWC,23,Madhya Pradesh,411,JABALPUR,JABALPUR,JABALPUR,Bargi,Narmada,Narmada,Narmada,Narmada,Narmada,Narmada,22.93777778,79.92083333,17-06-2021 13:00,414.850006
399,Bargi Reservoir,CWC,23,Madhya Pradesh,411,JABALPUR,JABALPUR,JABALPUR,Bargi,Narmada,Narmada,Narmada,Narmada,Narmada,Narmada,22.93777778,79.92083333,17-06-2021 14:00,414.850006
400,Bargi Reservoir,CWC,23,Madhya Pradesh,411,JABALPUR,JABALPUR,JABALPUR,Bargi,Narmada,Narmada,Narmada,Narmada,Narmada,Narmada,22.93777778,79.92083333,17-06-2021 15:00,414.850006
401,Bargi Reservoir,CWC,23,Madhya Pradesh,411,JABALPUR,JABALPUR,JABALPUR,Bargi,Narmada,Narmada,Narmada,Narmada,Narmada,Narmada,22.93777778,79.92083333,17-06-2021 16:00,414.850006
402,Bargi Reservoir,CWC,23,Madhya Pradesh,411,JABALPUR,JABALPUR,JABALPUR,Bargi,Narmada,Narmada,Narmada,Narmada,Narmada,Narmada,22.93777778,79.92083333,17-06-2021 17:00,414.850006
403,Bargi Reservoir,CWC,23,Madhya Pradesh,411,JABALPUR,JABALPUR,JABALPUR,Bargi,Narmada,Narmada,Narmada,Narmada,Narmada,Narmada,22.93777778,79.92083333,17-06-2021 18:00,414.850006
404,Bargi Reservoir,CWC,23,Madhya Pradesh,411,JABALPUR,JABALPUR,JABALPUR,Bargi,Narmada,Narmada,Narmada,Narmada,Narmada,Narmada,22.93777778,79.92083333,17-06-2021 19:00,414.850006
405,Bargi Reservoir,CWC,23,Madhya Pradesh,411,JABALPUR,JABALPUR,JABALPUR,Bargi,Narmada,Narmada,Narmada,Narmada,Narmada,Narmada,22.93777778,79.92083333,17-06-2021 20:00,414.850006
406,Bargi Reservoir,CWC,23,Madhya Pradesh,411,JABALPUR,JABALPUR,JABALPUR,Bargi,Narmada,Narmada,Narmada,Narmada,Narmada,Narmada,22.93777778,79.92083333,17-06-2021 21:00,414.850006
407,Bargi Reservoir,CWC,23,Madhya Pradesh,411,JABALPUR,JABALPUR,JABALPUR,Bargi,Narmada,Narmada,Narmada,Narmada,Narmada,Narmada,22.93777778,79.92083333,17-06-2021 22:00,414.850006
408,Bargi Reservoir,CWC,23,Madhya Pradesh,411,JABALPUR,JABALPUR,JABALPUR,Bargi,Narmada,Narmada,Narmada,Narmada,Narmada,Narmada,22.93777778,79.92083333,17-06-2021 23:00,414.850006
409,Bargi Reservoir,CWC,23,Madhya Pradesh,411,JABALPUR,JABALPUR,JABALPUR,Bargi,Narmada,Narmada,Narmada,Narmada,Narmada,Narmada,22.93777778,79.92083333,18-06-2021 00:00,414.850006
410,Bargi Reservoir,CWC,23,Madhya Pradesh,411,JABALPUR,JABALPUR,JABALPUR,Bargi,Narmada,Narmada,Narmada,Narmada,Narmada,Narmada,22.93777778,79.92083333,18-06-2021 01:00,414.850006
411,Bargi Reservoir,CWC,23,Madhya Pradesh,411,JABALPUR,JABALPUR,JABALPUR,Bargi,Narmada,Narmada,Narmada,Narmada,Narmada,Narmada,22.93777778,79.92083333,18-06-2021 02:00,414.850006
412,Bargi Reservoir,CWC,23,Madhya Pradesh,411,JABALPUR,JABALPUR,JABALPUR,Bargi,Narmada,Narmada,Narmada,Narmada,Narmada,Narmada,22.93777778,79.92083333,18-06-2021 03:00,414.850006
413,Bargi Reservoir,CWC,23,Madhya Pradesh,411,JABALPUR,JABALPUR,JABALPUR,Bargi,Narmada,Narmada,Narmada,Narmada,Narmada,Narmada,22.93777778,79.92083333,18-06-2021 04:00,414.850006
414,Bargi Reservoir,CWC,23,Madhya Pradesh,411,JABALPUR,JABALPUR,JABALPUR,Bargi,Narmada,Narmada,Narmada,Narmada,Narmada,Narmada,22.93777778,79.92083333,18-06-2021 05:00,414.850006
415,Bargi Reservoir,CWC,23,Madhya Pradesh,411,JABALPUR,JABALPUR,JABALPUR,Bargi,Narmada,Narmada,Narmada,Narmada,Narmada,Narmada,22.93777778,79.92083333,18-06-2021 06:00,414.799988
416,Bargi Reservoir,CWC,23,Madhya Pradesh,411,JABALPUR,JABALPUR,JABALPUR,Bargi,Narmada,Narmada,Narmada,Narmada,Narmada,Narmada,22.93777778,79.92083333,18-06-2021 07:00,414.799988
417,Bargi Reservoir,CWC,23,Madhya Pradesh,411,JABALPUR,JABALPUR,JABALPUR,Bargi,Narmada,Narmada,Narmada,Narmada,Narmada,Narmada,22.93777778,79.92083333,18-06-2021 08:00,414.799988
418,Bargi Reservoir,CWC,23,Madhya Pradesh,411,JABALPUR,JABALPUR,JABALPUR,Bargi,Narmada,Narmada,Narmada,Narmada,Narmada,Narmada,22.93777778,79.92083333,18-06-2021 09:00,414.799988
419,Bargi Reservoir,CWC,23,Madhya Pradesh,411,JABALPUR,JABALPUR,JABALPUR,Bargi,Narmada,Narmada,Narmada,Narmada,Narmada,Narmada,22.93777778,79.92083333,18-06-2021 10:00,414.799988
420,Bargi Reservoir,CWC,23,Madhya Pradesh,411,JABALPUR,JABALPUR,JABALPUR,Bargi,Narmada,Narmada,Narmada,Narmada,Narmada,Narmada,22.93777778,79.92083333,18-06-2021 11:00,414.799988
421,Bargi Reservoir,CWC,23,Madhya Pradesh,411,JABALPUR,JABALPUR,JABALPUR,Bargi,Narmada,Narmada,Narmada,Narmada,Narmada,Narmada,22.93777778,79.92083333,18-06-2021 12:00,414.799988
422,Bargi Reservoir,CWC,23,Madhya Pradesh,411,JABALPUR,JABALPUR,JABALPUR,Bargi,Narmada,Narmada,Narmada,Narmada,Narmada,Narmada,22.93777778,79.92083333,18-06-2021 13:00,414.799988
423,Bargi Reservoir,CWC,23,Madhya Pradesh,411,JABALPUR,JABALPUR,JABALPUR,Bargi,Narmada,Narmada,Narmada,Narmada,Narmada,Narmada,22.93777778,79.92083333,18-06-2021 14:00,414.799988
424,Bargi Reservoir,CWC,23,Madhya Pradesh,411,JABALPUR,JABALPUR,JABALPUR,Bargi,Narmada,Narmada,Narmada,Narmada,Narmada,Narmada,22.93777778,79.92083333,18-06-2021 15:00,414.799988
425,Bargi Reservoir,CWC,23,Madhya Pradesh,411,JABALPUR,JABALPUR,JABALPUR,Bargi,Narmada,Narmada,Narmada,Narmada,Narmada,Narmada,22.93777778,79.92083333,18-06-2021 16:00,414.799988
426,Bargi Reservoir,CWC,23,Madhya Pradesh,411,JABALPUR,JABALPUR,JABALPUR,Bargi,Narmada,Narmada,Narmada,Narmada,Narmada,Narmada,22.93777778,79.92083333,18-06-2021 17:00,414.799988
427,Bargi Reservoir,CWC,23,Madhya Pradesh,411,JABALPUR,JABALPUR,JABALPUR,Bargi,Narmada,Narmada,Narmada,Narmada,Narmada,Narmada,22.93777778,79.92083333,18-06-2021 18:00,414.799988
428,Bargi Reservoir,CWC,23,Madhya Pradesh,411,JABALPUR,JABALPUR,JABALPUR,Bargi,Narmada,Narmada,Narmada,Narmada,Narmada,Narmada,22.93777778,79.92083333,18-06-2021 19:00,414.799988
429,Bargi Reservoir,CWC,23,Madhya Pradesh,411,JABALPUR,JABALPUR,JABALPUR,Bargi,Narmada,Narmada,Narmada,Narmada,Narmada,Narmada,22.93777778,79.92083333,18-06-2021 20:00,414.799988
430,Bargi Reservoir,CWC,23,Madhya Pradesh,411,JABALPUR,JABALPUR,JABALPUR,Bargi,Narmada,Narmada,Narmada,Narmada,Narmada,Narmada,22.93777778,79.92083333,18-06-2021 21:00,414.799988
431,Bargi Reservoir,CWC,23,Madhya Pradesh,411,JABALPUR,JABALPUR,JABALPUR,Bargi,Narmada,Narmada,Narmada,Narmada,Narmada,Narmada,22.93777778,79.92083333,18-06-2021 22:00,414.799988
432,Bargi Reservoir,CWC,23,Madhya Pradesh,411,JABALPUR,JABALPUR,JABALPUR,Bargi,Narmada,Narmada,Narmada,Narmada,Narmada,Narmada,22.93777778,79.92083333,18-06-2021 23:00,414.799988
433,Bargi Reservoir,CWC,23,Madhya Pradesh,411,JABALPUR,JABALPUR,JABALPUR,Bargi,Narmada,Narmada,Narmada,Narmada,Narmada,Narmada,22.93777778,79.92083333,19-06-2021 00:00,414.799988
434,Bargi Reservoir,CWC,23,Madhya Pradesh,411,JABALPUR,JABALPUR,JABALPUR,Bargi,Narmada,Narmada,Narmada,Narmada,Narmada,Narmada,22.93777778,79.92083333,19-06-2021 01:00,414.799988
435,Bargi Reservoir,CWC,23,Madhya Pradesh,411,JABALPUR,JABALPUR,JABALPUR,Bargi,Narmada,Narmada,Narmada,Narmada,Narmada,Narmada,22.93777778,79.92083333,19-06-2021 02:00,414.799988
436,Bargi Reservoir,CWC,23,Madhya Pradesh,411,JABALPUR,JABALPUR,JABALPUR,Bargi,Narmada,Narmada,Narmada,Narmada,Narmada,Narmada,22.93777778,79.92083333,19-06-2021 03:00,414.799988
437,Bargi Reservoir,CWC,23,Madhya Pradesh,411,JABALPUR,JABALPUR,JABALPUR,Bargi,Narmada,Narmada,Narmada,Narmada,Narmada,Narmada,22.93777778,79.92083333,19-06-2021 04:00,414.799988
438,Bargi Reservoir,CWC,23,Madhya Pradesh,411,JABALPUR,JABALPUR,JABALPUR,Bargi,Narmada,Narmada,Narmada,Narmada,Narmada,Narmada,22.93777778,79.92083333,19-06-2021 05:00,414.799988
439,Bargi Reservoir,CWC,23,Madhya Pradesh,411,JABALPUR,JABALPUR,JABALPUR,Bargi,Narmada,Narmada,Narmada,Narmada,Narmada,Narmada,22.93777778,79.92083333,19-06-2021 06:00,414.750000
440,Bargi Reservoir,CWC,23,Madhya Pradesh,411,JABALPUR,JABALPUR,JABALPUR,Bargi,Narmada,Narmada,Narmada,Narmada,Narmada,Narmada,22.93777778,79.92083333,19-06-2021 07:00,414.750000
441,Bargi Reservoir,CWC,23,Madhya Pradesh,411,JABALPUR,JABALPUR,JABALPUR,Bargi,Narmada,Narmada,Narmada,Narmada,Narmada,Narmada,22.93777778,79.92083333,19-06-2021 08:00,414.750000
442,Bargi Reservoir,CWC,23,Madhya Pradesh,411,JABALPUR,JABALPUR,JABALPUR,Bargi,Narmada,Narmada,Narmada,Narmada,Narmada,Narmada,22.93777778,79.92083333,19-06-2021 09:00,414.750000
443,Bargi Reservoir,CWC,23,Madhya Pradesh,411,JABALPUR,JABALPUR,JABALPUR,Bargi,Narmada,Narmada,Narmada,Narmada,Narmada,Narmada,22.93777778,79.92083333,19-06-2021 10:00,414.750000
444,Bargi Reservoir,CWC,23,Madhya Pradesh,411,JABALPUR,JABALPUR,JABALPUR,Bargi,Narmada,Narmada,Narmada,Narmada,Narmada,Narmada,22.93777778,79.92083333,19-06-2021 11:00,414.750000
445,Bargi Reservoir,CWC,23,Madhya Pradesh,411,JABALPUR,JABALPUR,JABALPUR,Bargi,Narmada,Narmada,Narmada,Narmada,Narmada,Narmada,22.93777778,79.92083333,19-06-2021 12:00,414.750000
446,Bargi Reservoir,CWC,23,Madhya Pradesh,411,JABALPUR,JABALPUR,JABALPUR,Bargi,Narmada,Narmada,Narmada,Narmada,Narmada,Narmada,22.93777778,79.92083333,19-06-2021 13:00,414.750000
447,Bargi Reservoir,CWC,23,Madhya Pradesh,411,JABALPUR,JABALPUR,JABALPUR,Bargi,Narmada,Narmada,Narmada,Narmada,Narmada,Narmada,22.93777778,79.92083333,19-06-2021 14:00,414.750000
448,Bargi Reservoir,CWC,23,Madhya Pradesh,411,JABALPUR,JABALPUR,JABALPUR,Bargi,Narmada,Narmada,Narmada,Narmada,Narmada,Narmada,22.93777778,79.92083333,19-06-2021 15:00,414.750000
449,Bargi Reservoir,CWC,23,Madhya Pradesh,411,JABALPUR,JABALPUR,JABALPUR,Bargi,Narmada,Narmada,Narmada,Narmada,Narmada,Narmada,22.93777778,79.92083333,19-06-2021 16:00,414.750000
450,Bargi Reservoir,CWC,23,Madhya Pradesh,411,JABALPUR,JABALPUR,JABALPUR,Bargi,Narmada,Narmada,Narmada,Narmada,Narmada,Narmada,22.93777778,79.92083333,19-06-2021 17:00,414.750000
451,Bargi Reservoir,CWC,23,Madhya Pradesh,411,JABALPUR,JABALPUR,JABALPUR,Bargi,Narmada,Narmada,Narmada,Narmada,Narmada,Narmada,22.93777778,79.92083333,19-06-2021 18:00,414.750000
452,Bargi Reservoir,CWC,23,Madhya Pradesh,411,JABALPUR,JABALPUR,JABALPUR,Bargi,Narmada,Narmada,Narmada,Narmada,Narmada,Narmada,22.93777778,79.92083333,19-06-2021 19:00,414.750000
453,Bargi Reservoir,CWC,23,Madhya Pradesh,411,JABALPUR,JABALPUR,JABALPUR,Bargi,Narmada,Narmada,Narmada,Narmada,Narmada,Narmada,22.93777778,79.92083333,19-06-2021 20:00,414.750000
454,Bargi Reservoir,CWC,23,Madhya Pradesh,411,JABALPUR,JABALPUR,JABALPUR,Bargi,Narmada,Narmada,Narmada,Narmada,Narmada,Narmada,22.93777778,79.92083333,19-06-2021 21:00,414.750000
455,Bargi Reservoir,CWC,23,Madhya Pradesh,411,JABALPUR,JABALPUR,JABALPUR,Bargi,Narmada,Narmada,Narmada,Narmada,Narmada,Narmada,22.93777778,79.92083333,19-06-2021 22:00,414.750000
456,Bargi Reservoir,CWC,23,Madhya Pradesh,411,JABALPUR,JABALPUR,JABALPUR,Bargi,Narmada,Narmada,Narmada,Narmada,Narmada,Narmada,22.93777778,79.92083333,19-06-2021 23:00,414.750000
457,Bargi Reservoir,CWC,23,Madhya Pradesh,411,JABALPUR,JABALPUR,JABALPUR,Bargi,Narmada,Narmada,Narmada,Narmada,Narmada,Narmada,22.93777778,79.92083333,20-06-2021 00:00,414.750000
458,Bargi Reservoir,CWC,23,Madhya Pradesh,411,JABALPUR,JABALPUR,JABALPUR,Bargi,Narmada,Narmada,Narmada,Narmada,Narmada,Narmada,22.93777778,79.92083333,20-06-2021 01:00,414.750000
459,Bargi Reservoir,CWC,23,Madhya Pradesh,411,JABALPUR,JABALPUR,JABALPUR,Bargi,Narmada,Narmada,Narmada,Narmada,Narmada,Narmada,22.93777778,79.92083333,20-06-2021 02:00,414.750000
460,Bargi Reservoir,CWC,23,Madhya Pradesh,411,JABALPUR,JABALPUR,JABALPUR,Bargi,Narmada,Narmada,Narmada,Narmada,Narmada,Narmada,22.93777778,79.92083333,20-06-2021 03:00,414.750000
461,Bargi Reservoir,CWC,23,Madhya Pradesh,411,JABALPUR,JABALPUR,JABALPUR,Bargi,Narmada,Narmada,Narmada,Narmada,Narmada,Narmada,22.93777778,79.92083333,20-06-2021 04:00,414.750000
462,Bargi Reservoir,CWC,23,Madhya Pradesh,411,JABALPUR,JABALPUR,JABALPUR,Bargi,Narmada,Narmada,Narmada,Narmada,Narmada,Narmada,22.93777778,79.92083333,20-06-2021 05:00,414.750000
463,Bargi Reservoir,CWC,23,Madhya Pradesh,411,JABALPUR,JABALPUR,JABALPUR,Bargi,Narmada,Narmada,Narmada,Narmada,Narmada,Narmada,22.93777778,79.92083333,20-06-2021 06:00,414.750000
464,Bargi Reservoir,CWC,23,Madhya Pradesh,411,JABALPUR,JABALPUR,JABALPUR,Bargi,Narmada,Narmada,Narmada,Narmada,Narmada,Narmada,22.93777778,79.92083333,20-06-2021 07:00,414.750000
465,Bargi Reservoir,CWC,23,Madhya Pradesh,411,JABALPUR,JABALPUR,JABALPUR,Bargi,Narmada,Narmada,Narmada,Narmada,Narmada,Narmada,22.93777778,79.92083333,20-06-2021 08:00,414.700012
466,Bargi Reservoir,CWC,23,Madhya Pradesh,411,JABALPUR,JABALPUR,JABALPUR,Bargi,Narmada,Narmada,Narmada,Narmada,Narmada,Narmada,22.93777778,79.92083333,20-06-2021 09:00,414.700012
467,Bargi Reservoir,CWC,23,Madhya Pradesh,411,JABALPUR,JABALPUR,JABALPUR,Bargi,Narmada,Narmada,Narmada,Narmada,Narmada,Narmada,22.93777778,79.92083333,20-06-2021 10:00,414.700012
468,Bargi Reservoir,CWC,23,Madhya Pradesh,411,JABALPUR,JABALPUR,JABALPUR,Bargi,Narmada,Narmada,Narmada,Narmada,Narmada,Narmada,22.93777778,79.92083333,20-06-2021 11:00,414.700012
469,Bargi Reservoir,CWC,23,Madhya Pradesh,411,JABALPUR,JABALPUR,JABALPUR,Bargi,Narmada,Narmada,Narmada,Narmada,Narmada,Narmada,22.93777778,79.92083333,20-06-2021 12:00,414.700012
470,Bargi Reservoir,CWC,23,Madhya Pradesh,411,JABALPUR,JABALPUR,JABALPUR,Bargi,Narmada,Narmada,Narmada,Narmada,Narmada,Narmada,22.93777778,79.92083333,20-06-2021 13:00,414.700012
471,Bargi Reservoir,CWC,23,Madhya Pradesh,411,JABALPUR,JABALPUR,JABALPUR,Bargi,Narmada,Narmada,Narmada,Narmada,Narmada,Narmada,22.93777778,79.92083333,20-06-2021 14:00,414.700012
472,Bargi Reservoir,CWC,23,Madhya Pradesh,411,JABALPUR,JABALPUR,JABALPUR,Bargi,Narmada,Narmada,Narmada,Narmada,Narmada,Narmada,22.93777778,79.92083333,20-06-2021 15:00,414.700012
473,Bargi Reservoir,CWC,23,Madhya Pradesh,411,JABALPUR,JABALPUR,JABALPUR,Bargi,Narmada,Narmada,Narmada,Narmada,Narmada,Narmada,22.93777778,79.92083333,20-06-2021 16:00,414.700012
474,Bargi Reservoir,CWC,23,Madhya Pradesh,411,JABALPUR,JABALPUR,JABALPUR,Bargi,Narmada,Narmada,Narmada,Narmada,Narmada,Narmada,22.93777778,79.92083333,20-06-2021 17:00,414.700012
475,Bargi Reservoir,CWC,23,Madhya Pradesh,411,JABALPUR,JABALPUR,JABALPUR,Bargi,Narmada,Narmada,Narmada,Narmada,Narmada,Narmada,22.93777778,79.92083333,20-06-2021 18:00,414.700012
476,Bargi Reservoir,CWC,23,Madhya Pradesh,411,JABALPUR,JABALPUR,JABALPUR,Bargi,Narmada,Narmada,Narmada,Narmada,Narmada,Narmada,22.93777778,79.92083333,20-06-2021 19:00,414.700012
477,Bargi Reservoir,CWC,23,Madhya Pradesh,411,JABALPUR,JABALPUR,JABALPUR,Bargi,Narmada,Narmada,Narmada,Narmada,Narmada,Narmada,22.93777778,79.92083333,20-06-2021 20:00,414.700012
478,Bargi Reservoir,CWC,23,Madhya Pradesh,411,JABALPUR,JABALPUR,JABALPUR,Bargi,Narmada,Narmada,Narmada,Narmada,Narmada,Narmada,22.93777778,79.92083333,20-06-2021 21:00,414.700012
479,Bargi Reservoir,CWC,23,Madhya Pradesh,411,JABALPUR,JABALPUR,JABALPUR,Bargi,Narmada,Narmada,Narmada,Narmada,Narmada,Narmada,22.93777778,79.92083333,20-06-2021 22:00,414.700012
480,Bargi Reservoir,CWC,23,Madhya Pradesh,411,JABALPUR,JABALPUR,JABALPUR,Bargi,Narmada,Narmada,Narmada,Narmada,Narmada,Narmada,22.93777778,79.92083333,20-06-2021 23:00,414.700012
481,Bargi Reservoir,CWC,23,Madhya Pradesh,411,JABALPUR,JABALPUR,JABALPUR,Bargi,Narmada,Narmada,Narmada,Narmada,Narmada,Narmada,22.93777778,79.92083333,21-06-2021 00:00,414.700012
482,Bargi Reservoir,CWC,23,Madhya Pradesh,411,JABALPUR,JABALPUR,JABALPUR,Bargi,Narmada,Narmada,Narmada,Narmada,Narmada,Narmada,22.93777778,79.92083333,21-06-2021 01:00,414.700012
483,Bargi Reservoir,CWC,23,Madhya Pradesh,411,JABALPUR,JABALPUR,JABALPUR,Bargi,Narmada,Narmada,Narmada,Narmada,Narmada,Narmada,22.93777778,79.92083333,21-06-2021 02:00,414.700012
484,Bargi Reservoir,CWC,23,Madhya Pradesh,411,JABALPUR,JABALPUR,JABALPUR,Bargi,Narmada,Narmada,Narmada,Narmada,Narmada,Narmada,22.93777778,79.92083333,21-06-2021 03:00,414.700012
485,Bargi Reservoir,CWC,23,Madhya Pradesh,411,JABALPUR,JABALPUR,JABALPUR,Bargi,Narmada,Narmada,Narmada,Narmada,Narmada,Narmada,22.93777778,79.92083333,21-06-2021 04:00,414.700012
486,Bargi Reservoir,CWC,23,Madhya Pradesh,411,JABALPUR,JABALPUR,JABALPUR,Bargi,Narmada,Narmada,Narmada,Narmada,Narmada,Narmada,22.93777778,79.92083333,21-06-2021 05:00,414.700012
487,Bargi Reservoir,CWC,23,Madhya Pradesh,411,JABALPUR,JABALPUR,JABALPUR,Bargi,Narmada,Narmada,Narmada,Narmada,Narmada,Narmada,22.93777778,79.92083333,21-06-2021 06:00,414.700012
488,Bargi Reservoir,CWC,23,Madhya Pradesh,411,JABALPUR,JABALPUR,JABALPUR,Bargi,Narmada,Narmada,Narmada,Narmada,Narmada,Narmada,22.93777778,79.92083333,21-06-2021 07:00,414.700012
489,Bargi Reservoir,CWC,23,Madhya Pradesh,411,JABALPUR,JABALPUR,JABALPUR,Bargi,Narmada,Narmada,Narmada,Narmada,Narmada,Narmada,22.93777778,79.92083333,21-06-2021 08:00,414.700012
490,Bargi Reservoir,CWC,23,Madhya Pradesh,411,JABALPUR,JABALPUR,JABALPUR,Bargi,Narmada,Narmada,Narmada,Narmada,Narmada,Narmada,22.93777778,79.92083333,21-06-2021 09:00,414.700012
491,Bargi Reservoir,CWC,23,Madhya Pradesh,411,JABALPUR,JABALPUR,JABALPUR,Bargi,Narmada,Narmada,Narmada,Narmada,Narmada,Narmada,22.93777778,79.92083333,21-06-2021 10:00,414.700012
492,Bargi Reservoir,CWC,23,Madhya Pradesh,411,JABALPUR,JABALPUR,JABALPUR,Bargi,Narmada,Narmada,Narmada,Narmada,Narmada,Narmada,22.93777778,79.92083333,21-06-2021 11:00,414.700012
493,Bargi Reservoir,CWC,23,Madhya Pradesh,411,JABALPUR,JABALPUR,JABALPUR,Bargi,Narmada,Narmada,Narmada,Narmada,Narmada,Narmada,22.93777778,79.92083333,21-06-2021 12:00,414.700012
494,Bargi Reservoir,CWC,23,Madhya Pradesh,411,JABALPUR,JABALPUR,JABALPUR,Bargi,Narmada,Narmada,Narmada,Narmada,Narmada,Narmada,22.93777778,79.92083333,21-06-2021 13:00,414.700012
